-- phpMyAdmin SQL Dump
-- version 4.5.1
-- http://www.phpmyadmin.net
--
-- Host: 127.0.0.1
-- Generation Time: 2021-02-20 10:50:00
-- 服务器版本： 10.1.9-MariaDB
-- PHP Version: 5.6.15

SET SQL_MODE = "NO_AUTO_VALUE_ON_ZERO";
SET time_zone = "+00:00";


/*!40101 SET @OLD_CHARACTER_SET_CLIENT=@@CHARACTER_SET_CLIENT */;
/*!40101 SET @OLD_CHARACTER_SET_RESULTS=@@CHARACTER_SET_RESULTS */;
/*!40101 SET @OLD_COLLATION_CONNECTION=@@COLLATION_CONNECTION */;
/*!40101 SET NAMES utf8mb4 */;

--
-- Database: `hotel`
--

-- --------------------------------------------------------

--
-- 表的结构 `hotel_about`
--

CREATE TABLE `hotel_about` (
  `id` mediumint(8) UNSIGNED NOT NULL COMMENT '关于我们ID,主键且自增',
  `branch` varchar(30) NOT NULL COMMENT '各个分公司名称',
  `phone` varchar(11) NOT NULL COMMENT '电话',
  `email` varchar(30) NOT NULL COMMENT '邮箱',
  `postcode` varchar(10) NOT NULL COMMENT '邮编',
  `address` varchar(30) NOT NULL COMMENT '地址',
  `image` varchar(128) DEFAULT NULL COMMENT '图片'
) ENGINE=InnoDB DEFAULT CHARSET=utf8;

--
-- 转存表中的数据 `hotel_about`
--

INSERT INTO `hotel_about` (`id`, `branch`, `phone`, `email`, `postcode`, `address`, `image`) VALUES
(1, '北京总部', '18289579056', '18289578956@qq.com', '100000', '北京朝阳区', 'about1.jpg'),
(2, '广州分公司', '18289579057', '18289578957@qq.com', '510000', '广州天河区', 'about2.jpg'),
(3, '深圳分公司', '18289579058', '18289578958@qq.com', '515107', '深圳宝安区区', 'about3.jpg'),
(4, '厦门分公司', '18289579059', '18289578959@qq.com', '361000', '厦门思明区区', 'about4.jpg'),
(5, '北京分公司', '18289579050', '18289578950@qq.com', '100000', '北京大兴区', 'about5.jpg');

-- --------------------------------------------------------

--
-- 表的结构 `hotel_category`
--

CREATE TABLE `hotel_category` (
  `id` smallint(5) UNSIGNED NOT NULL COMMENT '类型ID,主键且自增',
  `category_name` varchar(30) NOT NULL COMMENT '商品类型名称,唯一'
) ENGINE=InnoDB DEFAULT CHARSET=utf8;

--
-- 转存表中的数据 `hotel_category`
--

INSERT INTO `hotel_category` (`id`, `category_name`) VALUES
(2, '意面/烩面'),
(4, '甜品小食'),
(1, '经典牛排'),
(5, '酒水饮料'),
(3, '风味披萨');

-- --------------------------------------------------------

--
-- 表的结构 `hotel_commodity`
--

CREATE TABLE `hotel_commodity` (
  `id` int(10) UNSIGNED NOT NULL COMMENT '商品ID,主键且自增',
  `subject` varchar(50) NOT NULL COMMENT '商品名称',
  `content` mediumtext NOT NULL COMMENT '商品详细介绍',
  `image` varchar(50) DEFAULT NULL COMMENT '商品图',
  `price` int(6) NOT NULL COMMENT '商品价格',
  `category_id` smallint(5) UNSIGNED NOT NULL COMMENT '外键,商品分类ID'
) ENGINE=InnoDB DEFAULT CHARSET=utf8;

--
-- 转存表中的数据 `hotel_commodity`
--

INSERT INTO `hotel_commodity` (`id`, `subject`, `content`, `image`, `price`, `category_id`) VALUES
(1, '西堤牛排', '<p>\n	<span style="color:#333333;font-family:arial, 宋体, sans-serif;font-size:14px;background-color:#FFFFFF;">&nbsp;&nbsp;&nbsp;&nbsp;&nbsp;&nbsp;&nbsp;&nbsp;西堤牛排秉承台湾餐饮一贯的精致与情调，很好地满足了现代人们“全身心的享受美味”的要求。在此之余，西堤牛排更提出了“分享我们的幸福滋味”的概念，提出了“饮食美学下的幸福观”,希望消费者在把</span><a target="_blank" href="https://baike.baidu.com/item/%E9%A4%90%E9%A5%AE/2170404">餐饮</a><span style="color:#333333;font-family:arial, 宋体, sans-serif;font-size:14px;background-color:#FFFFFF;">当享受之余，更能把餐饮当作幸福的体验，并与人们分享幸福滋味</span>\n</p>\n<p>\n	<span style="color:#333333;font-family:arial, 宋体, sans-serif;font-size:14px;background-color:#FFFFFF;">&nbsp;&nbsp;&nbsp;&nbsp;&nbsp;&nbsp;&nbsp;&nbsp;西堤牛排在</span><a target="_blank" href="https://baike.baidu.com/item/%E8%A5%BF%E9%A4%90/1459143">西餐</a><span style="color:#333333;font-family:arial, 宋体, sans-serif;font-size:14px;background-color:#FFFFFF;">界小有名气，是</span><a target="_blank" href="https://baike.baidu.com/item/%E7%8E%8B%E5%93%81%E9%9B%86%E5%9B%A2">王品集团</a><span style="color:#333333;font-family:arial, 宋体, sans-serif;font-size:14px;background-color:#FFFFFF;">的中端品牌，作为平民西餐确实有很多值得称道的地方，150元就能享受到七道精致</span><a target="_blank" href="https://baike.baidu.com/item/%E8%A5%BF%E5%BC%8F%E9%A4%90%E7%82%B9/17158293">西式餐点</a><span style="color:#333333;font-family:arial, 宋体, sans-serif;font-size:14px;background-color:#FFFFFF;">的套餐方式颇受欢迎，味道虽然不能和高级西餐厅比，但每道菜都很精致，口味不会让人失 望，一整套下来吃得饱饱的，用餐的器皿也很别致，吃着自有一番风味。</span>\n</p>', 'u11642535821966598730fm26gp0.jpg', 89, 1),
(2, '台塑牛排', '<p>\n	<span style="color:#333333;font-family:arial, 宋体, sans-serif;font-size:14px;background-color:#FFFFFF;">&nbsp;&nbsp;&nbsp;&nbsp;&nbsp;&nbsp;&nbsp;&nbsp;台塑是一家台湾的集团公司，老板是大亨</span><a target="_blank" href="https://baike.baidu.com/item/%E7%8E%8B%E6%B0%B8%E5%BA%86/19204">王永庆</a><span style="color:#333333;font-family:arial, 宋体, sans-serif;font-size:14px;background-color:#FFFFFF;">。台塑集团内“御厨”为老板王永庆特别精心研制一种的牛排。王品餐饮集团在他们的餐厅推出了这种牛排，大受欢迎，取名为 台塑牛排。</span>\n</p>\n<p>\n	<a target="_blank" href="https://baike.baidu.com/item/%E7%8E%8B%E5%93%81%E5%8F%B0%E5%A1%91%E7%89%9B%E6%8E%92">&nbsp;&nbsp;&nbsp;&nbsp;王品台塑牛排</a><span style="color:#333333;font-family:arial, 宋体, sans-serif;font-size:14px;background-color:#FFFFFF;">是中国台湾知名企业台塑集团董事长</span><a target="_blank" href="https://baike.baidu.com/item/%E7%8E%8B%E6%B0%B8%E5%BA%86">王永庆</a><span style="color:#333333;font-family:arial, 宋体, sans-serif;font-size:14px;background-color:#FFFFFF;">先生招待贵宾的名菜，缘由王董事长经常出席各种宴会， 却不习惯血淋淋的牛排，于是王太太和主厨精心研制出一道全熟牛排，虽然全熟却鲜嫩多汁，这道牛排马上得到王董事长的喜爱,久而久之也成了台塑集团招待贵宾的一道代表菜品！执着于对美味的严格定义，王品历经数千小时的严格选材，精心研发之后，发现一头牛只有第六至第八对肋骨，经72种中西香料腌浸2天2夜，在250℃烤箱烘烤一个半小时，还能保持100%鲜嫩度、独具中国口味的牛排</span>\n</p>', 'u123333044986008005fm26gp0.jpg', 109, 1),
(3, '肉眼牛排', '<p>\n	<span style="color:#333333;font-family:arial, 宋体, sans-serif;font-size:14px;background-color:#FFFFFF;">&nbsp;&nbsp;&nbsp;&nbsp;肉眼牛排是从近肋骨末端的一少部分切下来，该处肉质柔嫩且多汁（有雪花纹），滋味无穷。肉眼牛排一般指取自</span><a target="_blank" href="https://baike.baidu.com/item/%E7%89%9B/2620519">牛</a><span style="color:#333333;font-family:arial, 宋体, sans-serif;font-size:14px;background-color:#FFFFFF;">身中间的</span><a target="_blank" href="https://baike.baidu.com/item/%E6%97%A0%E9%AA%A8/4122219">无骨</a><span style="color:#333333;font-family:arial, 宋体, sans-serif;font-size:14px;background-color:#FFFFFF;">部分，[眼] 是指肌肉的圆形横切面，由于这个部分的</span><a target="_blank" href="https://baike.baidu.com/item/%E8%82%8C%E8%82%89/295864">肌肉</a><span style="color:#333333;font-family:arial, 宋体, sans-serif;font-size:14px;background-color:#FFFFFF;">不会经常活动，所以肉质十分柔软、多汁，并且均匀地布满雪花纹脂肪。市场上多称其为眼肉牛排，是一种错误的称谓。</span>\n</p>\n<p>\n	<span style="color:#333333;font-family:arial, 宋体, sans-serif;font-size:14px;background-color:#FFFFFF;">&nbsp;&nbsp;&nbsp;&nbsp;肉眼牛排可切成薄片煎炒，亦可切成牛排烧烤；肉眼牛排又称作Delmonico牛排（纽约餐厅在18世纪中期使吃牛排普及后）、苏格兰牛</span>\n</p>', 'u1355240386567952467fm26gp0.jpg', 99, 1),
(4, '肋眼牛排', '<p>\n	<span style="color:#333333;font-family:arial, 宋体, sans-serif;font-size:14px;background-color:#FFFFFF;">&nbsp;&nbsp;&nbsp;&nbsp;肋眼牛排是以烤牛靠近胸部的肋肌精心烤制的菜肴。</span>\n</p>\n<p>\n	<span style="color:#333333;font-family:arial, 宋体, sans-serif;font-size:14px;background-color:#FFFFFF;">\n	<div class="para" style="font-size:14px;color:#333333;font-family:arial, 宋体, sans-serif;background-color:#FFFFFF;">\n		1、牛排放在保鲜袋里捶打断筋，这样肉会更细嫩，烤的时候不会回缩；\n	</div>\n	<div class="para" style="font-size:14px;color:#333333;font-family:arial, 宋体, sans-serif;background-color:#FFFFFF;">\n		2、磨些黑胡椒均匀的撒在两面，再涂上黄油、盐，按摩一下，松弛30分钟；\n	</div>\n	<div class="para" style="font-size:14px;color:#333333;font-family:arial, 宋体, sans-serif;background-color:#FFFFFF;">\n		3、烤箱预热220度，牛排放进厚烤盘，中层上下火先烤10分钟；\n	</div>\n	<div class="para" style="font-size:14px;color:#333333;font-family:arial, 宋体, sans-serif;background-color:#FFFFFF;">\n		4、翻面再烤8分钟，就八成熟了。如果喜欢吃嫩一些的，时间可以缩短为（一面8分钟，再一面5分钟）；\n	</div>\n	<div class="para" style="font-size:14px;color:#333333;font-family:arial, 宋体, sans-serif;background-color:#FFFFFF;">\n		5、牛排装盘，利用烤盘里的余温和牛油，再烹进去2勺红酒，最后均匀的浇在烤好的牛排上。鲜嫩多汁的肋眼牛排就烤\n	</div>\n</span>\n</p>', 'u15481438361851434694fm26gp0.jpg', 129, 1),
(5, '菲力牛排', '<p>\n	<span style="color:#333333;font-family:arial, 宋体, sans-serif;font-size:14px;background-color:#FFFFFF;">&nbsp;&nbsp;&nbsp;&nbsp;菲力</span><a target="_blank" href="https://baike.baidu.com/item/%E7%89%9B%E6%8E%92/1156436">牛排</a><span style="color:#333333;font-family:arial, 宋体, sans-serif;font-size:14px;background-color:#FFFFFF;">四个字中的菲力，指的是</span><a target="_blank" href="https://baike.baidu.com/item/%E7%89%9B%E9%87%8C%E8%84%8A%E8%82%89/807348">牛里脊肉</a><span style="color:#333333;font-family:arial, 宋体, sans-serif;font-size:14px;background-color:#FFFFFF;">（beef tenderloin）。在澳洲，这块肉被称为“眼菲力”，在法国和英国被称为filet和fillet，中文音译菲力。菲力牛排就是用一定厚度的牛里脊肉做出的牛排。</span>\n</p>\n<p>\n	<span style="color:#333333;font-family:arial, 宋体, sans-serif;font-size:14px;background-color:#FFFFFF;">&nbsp;&nbsp;&nbsp;&nbsp;<span style="color:#333333;font-family:arial, 宋体, sans-serif;font-size:14px;background-color:#FFFFFF;">美味可口，营养丰富</span><br />\n</span>\n</p>', 'u18196887572982606308fm26gp0.jpg', 69, 1),
(6, '沙朗牛排', '<p>\n	<br />\n</p>\n<div class="para" style="font-size:14px;color:#333333;font-family:arial, 宋体, sans-serif;background-color:#FFFFFF;">\n	沙朗牛排<a target="_blank" href="https://baike.baidu.com/item/%E7%89%9B%E6%8E%92/1156436"></a>（Sirloin)，主要是由上腰部的脊肉构成，西冷牛排按质量的不同又可分为小块西冷牛排（entrecte）和大块西冷牛排（sirloin steak）。\n</div>\n<p style="font-size:14px;color:#333333;font-family:arial, 宋体, sans-serif;background-color:#FFFFFF;">\n	事实上<a target="_blank" href="https://baike.baidu.com/item/Sirloin">Sirloin</a>是法语Sur（上）和Loin（柳肉）合成的词，即<a target="_blank" href="https://baike.baidu.com/item/%E7%89%9B%E6%9F%B3/465501">牛柳</a>上方的肉。每份都在250—300克左右。西冷（Sir loin）即下腰肉，也被称为纽约客，因牛上腰部运动量较菲力<a target="_blank" href="https://baike.baidu.com/item/%E6%B2%99%E6%9C%97/5302237">沙朗</a>多，故此部位<a target="_blank" href="https://baike.baidu.com/item/%E8%82%89/3463083">肉</a>质较粗一点。\n</p>\n<p style="font-size:14px;color:#333333;font-family:arial, 宋体, sans-serif;background-color:#FFFFFF;">\n	<span style="color:#333333;font-family:arial, 宋体, sans-serif;font-size:14px;background-color:#FFFFFF;">一个传言称，</span><a target="_blank" href="https://baike.baidu.com/item/%E4%BA%A8%E5%88%A9%E5%85%AB%E4%B8%96">亨利八世</a><span style="color:#333333;font-family:arial, 宋体, sans-serif;font-size:14px;background-color:#FFFFFF;">在品尝过</span><a target="_blank" href="https://baike.baidu.com/item/%E7%89%9B%E6%8E%92">牛排</a><span style="color:#333333;font-family:arial, 宋体, sans-serif;font-size:14px;background-color:#FFFFFF;">的美味后，把牛排封了爵士，即Sir+loin，中文译为西冷牛排。</span>\n</p>\n<p style="font-size:14px;color:#333333;font-family:arial, 宋体, sans-serif;background-color:#FFFFFF;">\n	<br />\n</p>\n<p>\n	<br />\n</p>\n<div class="para" style="font-size:14px;color:#333333;font-family:arial, 宋体, sans-serif;background-color:#FFFFFF;">\n	<a target="_blank" href="https://baike.baidu.com/item/Sirloin"></a><a target="_blank" href="https://baike.baidu.com/item/%E7%89%9B%E6%9F%B3/465501"></a><a target="_blank" href="https://baike.baidu.com/item/%E6%B2%99%E6%9C%97/5302237"></a><a target="_blank" href="https://baike.baidu.com/item/%E8%82%89/3463083"></a>\n</div>', 'u21765182792749155542fm26gp0.jpg', 106, 1),
(7, '黑椒牛排', '<p>\n	<span style="color:#333333;font-family:arial, 宋体, sans-serif;font-size:14px;background-color:#FFFFFF;">黑椒牛排是一道西餐，主要食材是</span><a target="_blank" href="https://baike.baidu.com/item/%E7%89%9B%E6%8E%92/1156436">牛排</a><span style="color:#333333;font-family:arial, 宋体, sans-serif;font-size:14px;background-color:#FFFFFF;">和</span><a target="_blank" href="https://baike.baidu.com/item/%E9%BB%91%E8%83%A1%E6%A4%92/9843250">黑胡椒</a><span style="color:#333333;font-family:arial, 宋体, sans-serif;font-size:14px;background-color:#FFFFFF;">，主要烹饪工艺是煎。牛排营养丰富，有补中益气、滋养脾胃、强健筋骨、化痰息风、止渴止涎的功效。牛肉 味甘，性平，归脾、胃经，有补中益气、滋养脾胃、强健筋骨、化痰息风、止渴止涎的功效，适用于中气下陷、气短体虚，筋骨酸软、贫血久病及面黄目眩之人食用。</span>\n</p>\n<p>\n	<span style="color:#333333;font-family:arial, 宋体, sans-serif;font-size:14px;background-color:#FFFFFF;"><span style="color:#333333;font-family:arial, 宋体, sans-serif;font-size:14px;background-color:#FFFFFF;">据说，食用牛肉的习惯最早来源于欧洲中世纪时，猪肉及羊肉是平民百姓得食用肉，牛肉则是王公贵族们得高级肉品，尊贵的牛肉被他们搭配上了当时也是享有尊贵身份的胡椒及香辛料一起烹调，并在特殊场合中供应，以彰显主人的尊贵身份。到了18世纪，英国已经成了著名的牛肉食用大国。今天，美国是消费牛肉的最大国家，牛排则早于在十九世纪中叶成了美国人最爱的食用方式。但在亚洲，人们对牛肉有着两级化的反应，比如日本，可说是将牛肉发挥到了极致。各国对牛肉的态度、习惯不同，所以牛肉的食用方法也不同：美国食用牛排的方式粗犷且豪迈，不拘小节，整块腓力牛排烧烤后再切片；罗马风味的佛跳墙则最让人津津乐道，料理后，用油煎至表面成金黄，并注入白葡萄酒，据说这样的料理可以防止夏天的过敏症；对英国人来说，则习惯于将大块的牛排叉起来烤；</span><a target="_blank" href="https://baike.baidu.com/item/%E6%B3%95%E5%BC%8F%E7%89%9B%E6%8E%92">法式牛排</a><span style="color:#333333;font-family:arial, 宋体, sans-serif;font-size:14px;background-color:#FFFFFF;">特别注重酱汁的调配，用各式的酱汁凸显牛排的尊贵地位；至于德国人，吃牛排的方式非常奇特，“</span><a target="_blank" href="https://baike.baidu.com/item/%E9%85%B8%E7%89%9B%E8%82%89">酸牛肉</a><span style="color:#333333;font-family:arial, 宋体, sans-serif;font-size:14px;background-color:#FFFFFF;">”光听名字就够让人匪夷所思，而生鲜牛肉则更是需要拿出勇气尝试的；在日本，一般烧烤店中常用的日式照烧烤酱被运用在西式牛排中，使和风照烧沙朗牛排口味别具一格。</span><br />\n</span>\n</p>', 'u23442342993447668147fm26gp0.jpg', 79, 1),
(8, '煎牛排', '<p>\n	<span style="color:#333333;font-family:arial, 宋体, sans-serif;font-size:14px;background-color:#FFFFFF;">煎牛排是一道制作简单的菜品，主要食材是</span><a target="_blank" href="https://baike.baidu.com/item/%E7%89%9B%E6%8E%92/1156436">牛排</a><span style="color:#333333;font-family:arial, 宋体, sans-serif;font-size:14px;background-color:#FFFFFF;">，主要烹饪工艺是煎。煎牛排属于</span><a target="_blank" href="https://baike.baidu.com/item/%E8%A5%BF%E9%A4%90/1459143">西餐</a><span style="color:#333333;font-family:arial, 宋体, sans-serif;font-size:14px;background-color:#FFFFFF;">，一般辅以</span><a target="_blank" href="https://baike.baidu.com/item/%E7%BA%A2%E9%85%92/235">红酒</a><span style="color:#333333;font-family:arial, 宋体, sans-serif;font-size:14px;background-color:#FFFFFF;">食用。在家庭里面也可以烹制简单的牛排，隔15秒就翻面能使表面持续高温,同时内部温度也不会过高,保存肉汁。</span>\n</p>\n<p>\n	<span style="color:#333333;font-family:arial, 宋体, sans-serif;font-size:14px;background-color:#FFFFFF;"><span style="color:#333333;font-family:arial, 宋体, sans-serif;font-size:14px;background-color:#FFFFFF;">牛肉中所含的人体所需元素，是最多最高最丰富的。其中包括：蛋白质、血质铁、维生素、锌、磷及多种氨基酸。人体在吸收多样化食物的营养中，不可能全部摄取到所需营养，但从牛肉中摄取为最直接和最充整的。而且，牛肉的营养成份很高，人体每天需要的22种氨基酸，一半以上的胺基酸可由人体制造，但有8种氨基酸在人体内无法自制的，称为必需氨基酸，得由食物中摄取。</span><br />\n</span>\n</p>', 'u23634537721689606321fm26gp0.jpg', 89, 1),
(9, '黑胡椒牛排', '<p>\n	<span style="color:#333333;font-family:arial, 宋体, sans-serif;font-size:14px;background-color:#FFFFFF;">黑胡椒牛排是以</span><a target="_blank" href="https://baike.baidu.com/item/%E7%89%9B%E9%87%8C%E8%84%8A%E8%82%89/807348">牛里脊肉</a><span style="color:#333333;font-family:arial, 宋体, sans-serif;font-size:14px;background-color:#FFFFFF;">为主要食材的</span><a target="_blank" href="https://baike.baidu.com/item/%E5%A4%A7%E4%BC%97%E8%8F%9C/4276529">大众菜</a><span style="color:#333333;font-family:arial, 宋体, sans-serif;font-size:14px;background-color:#FFFFFF;">，口味咸鲜，</span><span style="color:#333333;font-family:arial, 宋体, sans-serif;font-size:14px;background-color:#FFFFFF;">香嫩美味。</span>\n</p>\n<p>\n	<div class="para" style="font-size:14px;color:#333333;font-family:arial, 宋体, sans-serif;background-color:#FFFFFF;">\n		异域牛排\n	</div>\n	<div class="para" style="font-size:14px;color:#333333;font-family:arial, 宋体, sans-serif;background-color:#FFFFFF;">\n		特点： 异域风味，口味独特。\n	</div>\n<span style="color:#333333;font-family:arial, 宋体, sans-serif;font-size:14px;background-color:#FFFFFF;">用点红酒腌，应该比料酒好</span>\n</p>\n<p>\n	<br />\n</p>', 'u33875956442224748921fm26gp0.jpg', 105, 1),
(10, 'T骨牛排', '<p>\n	<span style="color:#333333;font-family:arial, 宋体, sans-serif;font-size:14px;background-color:#FFFFFF;">T骨牛排（T-bone steak)一般位于牛的上腰部，是一块由脊肉、</span><a target="_blank" href="https://baike.baidu.com/item/%E8%84%8A%E9%AA%A8/878813">脊骨</a><span style="color:#333333;font-family:arial, 宋体, sans-serif;font-size:14px;background-color:#FFFFFF;">和</span><a target="_blank" href="https://baike.baidu.com/item/%E9%87%8C%E8%84%8A%E8%82%89/1577101">里脊肉</a><span style="color:#333333;font-family:arial, 宋体, sans-serif;font-size:14px;background-color:#FFFFFF;">等构成的大块牛排。美式T骨牛排(porterhouse steak)形状同T骨牛排，但较T骨牛排大些，一般厚3厘米左右，重450克左右。T骨牛排一般厚2厘米左右，重约300克，小点的200克，厚度1.7厘米。其加工方法是：首先包装袋和多余的脂肪，脂肪要保留一点增加香味，然后按规定的厚度和重量切开外脊肉和里脊肉，最后用锯将脊骨锯断成厚片状即可。</span>\n</p>\n<p>\n	<span style="color:#333333;font-family:arial, 宋体, sans-serif;font-size:14px;background-color:#FFFFFF;">T骨</span><a target="_blank" href="https://baike.baidu.com/item/%E7%89%9B%E6%8E%92">牛排</a><span style="color:#333333;font-family:arial, 宋体, sans-serif;font-size:14px;background-color:#FFFFFF;">（T-bonesteak）是牛背上的</span><a target="_blank" href="https://baike.baidu.com/item/%E8%84%8A%E9%AA%A8">脊骨</a><span style="color:#333333;font-family:arial, 宋体, sans-serif;font-size:14px;background-color:#FFFFFF;">肉. 牛排排部位的不同分好多种.做法跟其他牛排一样,也可以要</span><a target="_blank" href="https://baike.baidu.com/item/%E5%8D%8A%E7%86%9F">半熟</a><span style="color:#333333;font-family:arial, 宋体, sans-serif;font-size:14px;background-color:#FFFFFF;">的. T骨牛排因为骨头点的份量很多,所以一般如果看到菜单上标着450克或500克,不要害怕,因为去掉骨头后,肉的重量就跟其他牛排的普通份是差不多的.</span>\n</p>', 'u35215751021833875057fm26gp0.jpg', 99, 1),
(11, '嫩牛柳', '<p>\n	<span style="color:#333333;font-family:arial, 宋体, sans-serif;font-size:14px;background-color:#FFFFFF;">香嫩牛肉是由牛肉等主要材料做成的一道菜品，属于家常菜。</span>\n</p>\n<p>\n	<span style="color:#333333;font-family:arial, 宋体, sans-serif;font-size:14px;background-color:#FFFFFF;">\n	<div class="para" style="font-size:14px;color:#333333;font-family:arial, 宋体, sans-serif;background-color:#FFFFFF;">\n		1.牛肉富含蛋白质，氨基酸组成比猪肉更接近人体需要，能提高机体抗病能力，对生长发育及术后，病后调养的人在补充失血、修复组织等方面特别适宜，寒冬食牛肉可暖胃，是该季节的补益佳品；\n	</div>\n	<div class="para" style="font-size:14px;color:#333333;font-family:arial, 宋体, sans-serif;background-color:#FFFFFF;">\n		2.牛肉有补中益气，滋养脾胃，强健筋骨，化痰息风，止渴止涎之功效，适宜于中气下隐、气短体虚、筋骨酸软、贫血久病及面黄目眩之人食用；\n	</div>\n	<div class="para" style="font-size:14px;color:#333333;font-family:arial, 宋体, sans-serif;background-color:#FFFFFF;">\n		3.水牛肉能安胎补神，黄牛肉能安中益气、健脾养胃、强筋壮骨。\n	</div>\n</span>\n</p>', 'u16340249573124867081fm26gp0.jpg', 59, 1),
(12, '细面', '<p>\n	<span style="color:#333333;font-family:arial, 宋体, sans-serif;font-size:14px;background-color:#FFFFFF;">炒细面是一道由</span><a target="_blank" href="https://baike.baidu.com/item/%E9%BE%99%E9%A1%BB%E9%9D%A2/1247948">龙须面</a><span style="color:#333333;font-family:arial, 宋体, sans-serif;font-size:14px;background-color:#FFFFFF;">、</span><a target="_blank" href="https://baike.baidu.com/item/%E5%8D%B7%E5%BF%83%E8%8F%9C/2073007">卷心菜</a><span style="color:#333333;font-family:arial, 宋体, sans-serif;font-size:14px;background-color:#FFFFFF;">等食材制成的美食。</span>\n</p>\n<p>\n	<span style="color:#333333;font-family:arial, 宋体, sans-serif;font-size:14px;background-color:#FFFFFF;">早上要做饭。想起来使我们臭蛋的生日，我们这的习俗。生日要吃长寿面，所以就做了炒细面，祝我们家臭蛋身体健康</span>\n</p>', '1036844481965677840fmgp.jpg', 29, 2),
(13, '螺旋面', '<p>\n	<span style="color:#333333;font-family:arial, 宋体, sans-serif;font-size:14px;background-color:#FFFFFF;">意大利螺旋面制作主料：</span><a target="_blank" href="https://baike.baidu.com/item/%E8%9E%BA%E6%97%8B%E9%9D%A2/4155289">螺旋面</a><span style="color:#333333;font-family:arial, 宋体, sans-serif;font-size:14px;background-color:#FFFFFF;">适量、</span><a target="_blank" href="https://baike.baidu.com/item/%E7%95%AA%E8%8C%84/69104">番茄</a><span style="color:#333333;font-family:arial, 宋体, sans-serif;font-size:14px;background-color:#FFFFFF;">&nbsp;一个（小）、</span><a target="_blank" href="https://baike.baidu.com/item/%E7%8C%AA%E8%82%89/486463">猪肉</a><span style="color:#333333;font-family:arial, 宋体, sans-serif;font-size:14px;background-color:#FFFFFF;">碎50克、</span><a target="_blank" href="https://baike.baidu.com/item/%E6%B4%8B%E8%91%B1/6409">洋葱</a><span style="color:#333333;font-family:arial, 宋体, sans-serif;font-size:14px;background-color:#FFFFFF;">适量、蒜末 一枚、盐适量、料酒适量、糖适量、黑胡椒适量、番茄酱适量。</span>\n</p>\n<p>\n	<div class="para" style="font-size:14px;color:#333333;font-family:arial, 宋体, sans-serif;background-color:#FFFFFF;">\n		1.番茄、洋葱切丁备用\n	</div>\n	<div class="para" style="font-size:14px;color:#333333;font-family:arial, 宋体, sans-serif;background-color:#FFFFFF;">\n		2.猪肉+料酒腌10分钟\n	</div>\n	<div class="para" style="font-size:14px;color:#333333;font-family:arial, 宋体, sans-serif;background-color:#FFFFFF;">\n		3.炒锅加油爆香蒜末，入猪肉炒至变白后起锅\n	</div>\n	<div class="para" style="font-size:14px;color:#333333;font-family:arial, 宋体, sans-serif;background-color:#FFFFFF;">\n		4.另起锅，入洋葱炒至略透明、下番茄炒至软\n	</div>\n	<div class="para" style="font-size:14px;color:#333333;font-family:arial, 宋体, sans-serif;background-color:#FFFFFF;">\n		5.加入适量番茄酱及水，烧开后转小火，加入适量盐和糖，小火慢煮\n	</div>\n	<div class="para" style="font-size:14px;color:#333333;font-family:arial, 宋体, sans-serif;background-color:#FFFFFF;">\n		6.待煮至软即可起锅，起锅前将炒过的猪肉加入略煮\n	</div>\n	<div class="para" style="font-size:14px;color:#333333;font-family:arial, 宋体, sans-serif;background-color:#FFFFFF;">\n		7.水中加少许盐和色拉油，烧开后下螺旋面煮至熟，捞起，淋上煮好的酱汁，撒上黑胡椒即可\n	</div>\n	<div class="para" style="font-size:14px;color:#333333;font-family:arial, 宋体, sans-serif;background-color:#FFFFFF;">\n		意大利螺旋面<span class="sup--normal" style="font-size:12px;line-height:0;vertical-align:baseline;color:#3366CC;">&nbsp;[1]</span><a name="ref_[1]_9277793"></a>&nbsp;\n		<div class="lemma-picture text-pic layout-right" style="border:1px solid #E0E0E0;margin:0px 0px 3px 20px;">\n			<a class="image-link" href="https://baike.baidu.com/pic/%E6%84%8F%E5%A4%A7%E5%88%A9%E8%9E%BA%E6%97%8B%E9%9D%A2/2110008/0/4a36acaf2edda3cc8158f6be01e93901203f92f4?fr=lemma&amp;ct=single" target="_blank"></a>\n		</div>\n	</div>\n</p>', 'u8135821613678503144fm15gp0.jpg', 39, 2),
(14, '长面', '<p>\n	<span style="color:#333333;font-family:arial, 宋体, sans-serif;font-size:14px;background-color:#FFFFFF;">长面又叫“</span><a target="_blank" href="https://baike.baidu.com/item/%E9%95%BF%E5%AF%BF%E9%9D%A2/188442">长寿面</a><span style="color:#333333;font-family:arial, 宋体, sans-serif;font-size:14px;background-color:#FFFFFF;">” “长根面”，是宋元明清时期</span><a target="_blank" href="https://baike.baidu.com/item/%E9%BB%84%E9%BE%99%E6%BA%AA%E9%95%87/10976276">黄龙溪镇</a><span style="color:#333333;font-family:arial, 宋体, sans-serif;font-size:14px;background-color:#FFFFFF;">的著名特色传统小吃，一般只有过年过寿办喜事才吃。给老人祝寿时吃上一根长面，祝福老人健康长寿。婚嫁喜事时新郎新娘必须吃上一根长面，而且是新郎新娘分别从一根长面的两端向中间吃，直吃到嘴对嘴合二为一。寓意长长久久、</span><a target="_blank" href="https://baike.baidu.com/item/%E7%99%BE%E5%B9%B4%E5%A5%BD%E5%90%88/2410">百年好合</a><span style="color:#333333;font-family:arial, 宋体, sans-serif;font-size:14px;background-color:#FFFFFF;">。正月里来吃上一根长面，预示全年一顺百顺。</span>\n</p>\n<p>\n	<span style="color:#333333;font-family:arial, 宋体, sans-serif;font-size:14px;background-color:#FFFFFF;">由于黄龙溪长面制作工艺相当复杂，随着机械制面逐步取代手工，以前家家户户都会做的长面现在几乎失传！现在也只有位于仿清街尾的少数几家人能完整的制作”黄龙溪长面“。据说长面制作从和面到面下锅总共需要十几道工序，历时十多个小时。</span>\n</p>\n<p>\n	<br />\n</p>', 'u1127606688397800708fm26gp0.jpg', 33, 2),
(15, '粒粒面', '<p>\n	<span style="color:#333333;font-family:arial, 宋体, sans-serif;font-size:14px;background-color:#FFFFFF;">颗粒面，又称粒粒面、珍珠面，属于花色挂面，是婴幼儿面类辅食的一种。</span>\n</p>\n<p>\n	<span style="color:#333333;font-family:arial, 宋体, sans-serif;font-size:14px;background-color:#FFFFFF;"><span style="color:#333333;font-family:arial, 宋体, sans-serif;font-size:14px;background-color:#FFFFFF;">众所周知，面条具有利于消化、吸收的优势，能够呵护肠胃健康。对于肠胃系统还比较脆弱的婴幼儿来说，面条是添加辅食后比较好的选择。而颗粒面在发扬面条有利于消化、吸收优势的基础上，采用特殊工艺，将面粉合成均匀小疙瘩状，在煮制过程中，面体糊状，弱化了小颗粒对于还不会咀嚼的宝宝带来的吸收困扰，更好消化、吸收。</span></span>\n</p>\n<p>\n	<span style="color:#333333;font-family:arial, 宋体, sans-serif;font-size:14px;background-color:#FFFFFF;"><span style="color:#333333;font-family:arial, 宋体, sans-serif;font-size:14px;background-color:#FFFFFF;">越来越成熟的厂家会在加工过程中根据中国婴童的身体发展需要而添加相应的营养素，大家都知道，营养过剩同营养缺乏同样可怕。像钙、铁、锌、硒、烟酸、维生素B1、维生素B2等营养素，是婴童身体所必须的，因此妈妈们可以通过营养成分表来挑选添加了这7种营养素的颗粒面。</span><br />\n</span>\n</p>', 'u21557232402242918875fm26gp0.jpg', 19, 2),
(16, '手擀面', '<p>\n	<span style="color:#333333;font-family:arial, 宋体, sans-serif;font-size:14px;background-color:#FFFFFF;">手擀面，是</span><a target="_blank" href="https://baike.baidu.com/item/%E9%9D%A2%E6%9D%A1/386300">面条</a><span style="color:#333333;font-family:arial, 宋体, sans-serif;font-size:14px;background-color:#FFFFFF;">的一种，因用手工擀出，所以称之为“手擀面”。面条的制作方法多种多样，有擀、抻、切、削、揪、压、搓、拨、捻、剔、拉等。</span>\n</p>\n<p>\n	<span style="color:#333333;font-family:arial, 宋体, sans-serif;font-size:14px;background-color:#FFFFFF;">最早的实物面条是由中国科学院地质与地球</span><a target="_blank" href="https://baike.baidu.com/item/%E7%89%A9%E7%90%86%E7%A0%94%E7%A9%B6%E6%89%80/2091978">物理研究所</a><span style="color:#333333;font-family:arial, 宋体, sans-serif;font-size:14px;background-color:#FFFFFF;">的科学家发现的，他们在2005年10月14日在黄河上游、青海省</span><a target="_blank" href="https://baike.baidu.com/item/%E6%B0%91%E5%92%8C%E5%8E%BF">民和县</a><span style="color:#333333;font-family:arial, 宋体, sans-serif;font-size:14px;background-color:#FFFFFF;">喇家村进行地质考察时，在一处河漫滩沉积物地下3米处，发现了一个倒扣的碗。碗中装有</span><a target="_blank" href="https://baike.baidu.com/item/%E9%BB%84%E8%89%B2/32230">黄色</a><span style="color:#333333;font-family:arial, 宋体, sans-serif;font-size:14px;background-color:#FFFFFF;">的面条，最长的有50厘米。研究人员通过分析该物质的成分，发现这碗面条已经有约4000年历史，使面条的历史大大提前。面条最初只称为“</span><a target="_blank" href="https://baike.baidu.com/item/%E9%A5%BC">饼</a><span style="color:#333333;font-family:arial, 宋体, sans-serif;font-size:14px;background-color:#FFFFFF;">”，“水溲饼、</span><a target="_blank" href="https://baike.baidu.com/item/%E7%85%AE%E9%A5%BC">煮饼</a><span style="color:#333333;font-family:arial, 宋体, sans-serif;font-size:14px;background-color:#FFFFFF;">”便是</span><a target="_blank" href="https://baike.baidu.com/item/%E4%B8%AD%E5%9B%BD%E9%9D%A2%E6%9D%A1">中国面条</a><span style="color:#333333;font-family:arial, 宋体, sans-serif;font-size:14px;background-color:#FFFFFF;">先河—— “饼，并也，溲面使合并也”（引：</span><a target="_blank" href="https://baike.baidu.com/item/%E5%88%98%E7%86%99">刘熙</a><span style="color:#333333;font-family:arial, 宋体, sans-serif;font-size:14px;background-color:#FFFFFF;">《</span><a target="_blank" href="https://baike.baidu.com/item/%E9%87%8A%E5%90%8D">释名</a><span style="color:#333333;font-family:arial, 宋体, sans-serif;font-size:14px;background-color:#FFFFFF;">》），其意指用水将面粉和在一起所做出的食品均称之为“饼”；以水煮的面条或面块亦全作“饼”称。 ，是大众的重要主食之一，并深受人们的喜爱。近年来，面条的品种越来越丰富，但家常手擀面却被忽视了。</span>\n</p>\n<p>\n	<br />\n</p>', 'u2358335182421890886fm26gp0.jpg', 29, 2),
(17, '尖面', '<p>\n	<span style="color:#333333;font-family:arial, 宋体, sans-serif;font-size:14px;background-color:#FFFFFF;">剔尖又称拨鱼、剔拨股，原产地</span><a target="_blank" href="https://baike.baidu.com/item/%E5%B1%B1%E8%A5%BF%E7%9C%81/365266">山西省</a><a target="_blank" href="https://baike.baidu.com/item/%E6%99%8B%E4%B8%AD%E5%B8%82/529804">晋中市</a><span style="color:#333333;font-family:arial, 宋体, sans-serif;font-size:14px;background-color:#FFFFFF;">昔阳县，是流行于晋中一带的地方传统经典</span><a target="_blank" href="https://baike.baidu.com/item/%E9%9D%A2%E9%A3%9F/2908690">面食</a><span style="color:#333333;font-family:arial, 宋体, sans-serif;font-size:14px;background-color:#FFFFFF;">，简单说就是“用筷子拨出的</span><a target="_blank" href="https://baike.baidu.com/item/%E9%9D%A2%E6%9D%A1/386300">面条</a><span style="color:#333333;font-family:arial, 宋体, sans-serif;font-size:14px;background-color:#FFFFFF;">”。高手剔出的剔尖，呈中间圆、两头尖形状，用</span><a target="_blank" href="https://baike.baidu.com/item/%E7%AD%B7%E5%AD%90/249194">筷子</a><span style="color:#333333;font-family:arial, 宋体, sans-serif;font-size:14px;background-color:#FFFFFF;">沿盘边剔面，筋软爽口，易于</span><a target="_blank" href="https://baike.baidu.com/item/%E6%B6%88%E5%8C%96/403663">消化</a><span style="color:#333333;font-family:arial, 宋体, sans-serif;font-size:14px;background-color:#FFFFFF;">。配上荤素打卤，吃起来又香又滑十分可口。</span>\n</p>\n<p>\n	<span style="color:#333333;font-family:arial, 宋体, sans-serif;font-size:14px;background-color:#FFFFFF;">剔尖的面要掌握和面的稀度，否则很难剔出又长又不会断的</span><a target="_blank" href="https://baike.baidu.com/item/%E9%9D%A2%E6%9D%A1">面条</a><span style="color:#333333;font-family:arial, 宋体, sans-serif;font-size:14px;background-color:#FFFFFF;">。在家制作剔尖面一般用小麦面就可以，先将面和到比</span><a target="_blank" href="https://baike.baidu.com/item/%E9%A5%BA%E5%AD%90">饺子</a><span style="color:#333333;font-family:arial, 宋体, sans-serif;font-size:14px;background-color:#FFFFFF;">面稍微稀一点，再一点一点加水，一边用筷子向一个方向不停搅拌至光滑上劲，拉起面可以自由流下又不会断的程度。和好的面要饧1－2小时最好。</span>\n</p>', 'u24422725853755136618fm26gp0.jpg', 41, 2),
(18, '油泼面', '<p>\n	<br />\n</p>\n<div class="para" style="font-size:14px;color:#333333;font-family:arial, 宋体, sans-serif;background-color:#FFFFFF;">\n	油泼面是陕西传统的特色面食之一，起源于明代，有鲜香味、酸辣味、香辣味。\n</div>\n<div class="para" style="font-size:14px;color:#333333;font-family:arial, 宋体, sans-serif;background-color:#FFFFFF;">\n	油泼面是一种很普通的面食制作方法，将手工制作的面条在开水中煮熟后捞在碗里，将葱花碎、<a target="_blank" href="https://baike.baidu.com/item/%E8%8A%B1%E6%A4%92%E7%B2%89/10893070">花椒粉</a>、<a target="_blank" href="https://baike.baidu.com/item/%E7%9B%90/548739">盐</a>等配料和厚厚一层的辣椒面一起平铺在面上，用烧的滚烫的菜油浇在调料上，顿时热油沸腾，将花椒面、辣椒面烫熟而满碗红光，随后调入适量<a target="_blank" href="https://baike.baidu.com/item/%E9%85%B1%E6%B2%B9/1246">酱油</a>、香醋即可。也可另外加入<a target="_blank" href="https://baike.baidu.com/item/%E8%85%8A%E6%B1%81%E8%82%89/6199892">腊汁肉</a>、青椒土豆丝、青椒鸡蛋、<a target="_blank" href="https://baike.baidu.com/item/%E8%A5%BF%E7%BA%A2%E6%9F%BF">西红柿</a><a target="_blank" href="https://baike.baidu.com/item/%E9%B8%A1%E8%9B%8B/6405">鸡蛋</a>等搭配食用。\n</div>\n<p>\n	<br />\n</p>', 'u24948176753832729009fm26gp0.jpg', 25, 2),
(19, '粗通心面', '<p>\n	<span style="color:#333333;font-family:arial, 宋体, sans-serif;font-size:14px;background-color:#FFFFFF;">通心粉亦称通心面，在国外已是极普通的面制品之一，我国</span><a target="_blank" href="https://baike.baidu.com/item/%E4%B8%8A%E6%B5%B7/114606">上海</a><span style="color:#333333;font-family:arial, 宋体, sans-serif;font-size:14px;background-color:#FFFFFF;">、广州、</span><a target="_blank" href="https://baike.baidu.com/item/%E5%A4%A9%E6%B4%A5/132308">天津</a><span style="color:#333333;font-family:arial, 宋体, sans-serif;font-size:14px;background-color:#FFFFFF;">等地也有少量生产。通心粉的种类很多，一般都是选用淀粉质丰富的粮食经粉碎、胶化、加味、挤压、烘干而制成各种各样口感良好、风味独特的面类食品。</span>\n</p>\n<p>\n	<span style="color:#333333;font-family:arial, 宋体, sans-serif;font-size:14px;background-color:#FFFFFF;">通心粉是西方国家的著名</span><a target="_blank" href="https://baike.baidu.com/item/%E9%9D%A2%E9%A3%9F">面食</a><span style="color:#333333;font-family:arial, 宋体, sans-serif;font-size:14px;background-color:#FFFFFF;">，有实心和空心之分。亦称</span><a target="_blank" href="https://baike.baidu.com/item/%E9%80%9A%E5%BF%83%E9%9D%A2">通心面</a><span style="color:#333333;font-family:arial, 宋体, sans-serif;font-size:14px;background-color:#FFFFFF;">，国际上统称麦卡罗尼，是一种以小麦粉为原料的面制品。通心粉汁可以留在空心的通心粉里，吃起来比较不容易干。</span>\n</p>\n<p>\n	<span style="color:#333333;font-family:arial, 宋体, sans-serif;font-size:14px;background-color:#FFFFFF;">18世纪，</span><a target="_blank" href="https://baike.baidu.com/item/%E6%84%8F%E5%A4%A7%E5%88%A9">意大利</a><a target="_blank" href="https://baike.baidu.com/item/%E9%82%A3%E4%B8%8D%E5%8B%92%E6%96%AF">那不勒斯</a><span style="color:#333333;font-family:arial, 宋体, sans-serif;font-size:14px;background-color:#FFFFFF;">附近的一家经营</span><a target="_blank" href="https://baike.baidu.com/item/%E9%9D%A2%E6%9D%A1">面条</a><span style="color:#333333;font-family:arial, 宋体, sans-serif;font-size:14px;background-color:#FFFFFF;">和面片的店主</span><a target="_blank" href="https://baike.baidu.com/item/%E9%A9%AC%E5%8D%A1%E7%BD%97%E5%B0%BC">马卡罗尼</a><span style="color:#333333;font-family:arial, 宋体, sans-serif;font-size:14px;background-color:#FFFFFF;">，他的小女儿在玩耍时把面片卷成空心条并晾于衣绳上。</span><a target="_blank" href="https://baike.baidu.com/item/%E9%A9%AC%E5%8D%A1%E7%BD%97%E5%B0%BC">马卡罗尼</a><span style="color:#333333;font-family:arial, 宋体, sans-serif;font-size:14px;background-color:#FFFFFF;">将空心条煮熟后拌以</span><a target="_blank" href="https://baike.baidu.com/item/%E7%95%AA%E8%8C%84%E9%85%B1">番茄酱</a><span style="color:#333333;font-family:arial, 宋体, sans-serif;font-size:14px;background-color:#FFFFFF;">。此后他建造了世界第一家通心粉加工厂，并以自己的名字为通心粉命名。</span>\n</p>', 'u3258168899815694470fm26gp0.jpg', 36, 2),
(20, '千层面', '<p>\n	<span style="color:#333333;font-family:arial, 宋体, sans-serif;font-size:14px;background-color:#FFFFFF;">意大利千层面是美食王国</span><a target="_blank" href="https://baike.baidu.com/item/%E6%84%8F%E5%A4%A7%E5%88%A9/148336">意大利</a><span style="color:#333333;font-family:arial, 宋体, sans-serif;font-size:14px;background-color:#FFFFFF;">的一种菜品，属于意式宽面，采用的佐料主要是西红柿或者</span><a target="_blank" href="https://baike.baidu.com/item/%E7%95%AA%E8%8C%84%E9%85%B1/3272179">番茄酱</a><span style="color:#333333;font-family:arial, 宋体, sans-serif;font-size:14px;background-color:#FFFFFF;">。千层面，带给人的感觉就是生活之上的一种享受，尽管每层都是铺进了一样的馅料，可是吃每层的感觉却都不一样。</span>\n</p>\n<p>\n	<a target="_blank" href="https://baike.baidu.com/item/%E5%8D%83%E5%B1%82%E9%A5%BC">千层饼</a><span style="color:#333333;font-family:arial, 宋体, sans-serif;font-size:14px;background-color:#FFFFFF;">是意大利非常有名并推荐给世界各地的一道菜，它是由4或5层新鲜的</span><a target="_blank" href="https://baike.baidu.com/item/%E9%B8%A1%E8%9B%8B%E9%9D%A2">鸡蛋面</a><span style="color:#333333;font-family:arial, 宋体, sans-serif;font-size:14px;background-color:#FFFFFF;">组成，每层填入盐、奶油调味汁、</span><a target="_blank" href="https://baike.baidu.com/item/%E5%8D%9A%E6%B4%9B%E5%B0%BC%E4%BA%9A">博洛尼亚</a><a target="_blank" href="https://baike.baidu.com/item/%E8%A5%BF%E7%BA%A2%E6%9F%BF">西红柿</a><span style="color:#333333;font-family:arial, 宋体, sans-serif;font-size:14px;background-color:#FFFFFF;">肉末卤和</span><a target="_blank" href="https://baike.baidu.com/item/%E5%B8%95%E5%B0%94%E7%8E%9B">帕尔玛</a><span style="color:#333333;font-family:arial, 宋体, sans-serif;font-size:14px;background-color:#FFFFFF;">干</span><a target="_blank" href="https://baike.baidu.com/item/%E5%A5%B6%E9%85%AA">奶酪</a><span style="color:#333333;font-family:arial, 宋体, sans-serif;font-size:14px;background-color:#FFFFFF;">，通常做成传统的长条形。</span>\n</p>', 'u33562086662674084501fm26gp0.jpg', 59, 2),
(21, '通心粉', '<p>\n	<span style="color:#333333;font-family:arial, 宋体, sans-serif;font-size:14px;background-color:#FFFFFF;">香嫩牛肉是由牛肉等主要材料做成的一道菜品，属于家常菜。</span>\n</p>\n<p>\n	<span style="color:#333333;font-family:arial, 宋体, sans-serif;font-size:14px;background-color:#FFFFFF;">\n	<div class="para" style="font-size:14px;color:#333333;font-family:arial, 宋体, sans-serif;background-color:#FFFFFF;">\n		1.牛肉富含蛋白质，氨基酸组成比猪肉更接近人体需要，能提高机体抗病能力，对生长发育及术后，病后调养的人在补充失血、修复组织等方面特别适宜，寒冬食牛肉可暖胃，是该季节的补益佳品；\n	</div>\n	<div class="para" style="font-size:14px;color:#333333;font-family:arial, 宋体, sans-serif;background-color:#FFFFFF;">\n		2.牛肉有补中益气，滋养脾胃，强健筋骨，化痰息风，止渴止涎之功效，适宜于中气下隐、气短体虚、筋骨酸软、贫血久病及面黄目眩之人食用；\n	</div>\n	<div class="para" style="font-size:14px;color:#333333;font-family:arial, 宋体, sans-serif;background-color:#FFFFFF;">\n		3.水牛肉能安胎补神，黄牛肉能安中益气、健脾养胃、强筋壮骨。\n	</div>\n</span>\n</p>', 'u3666395599858517426fm26gp0.jpg', 33, 2),
(22, '乌冬面', '<p>\n	<div class="para" style="font-size:14px;color:#333333;font-family:arial, 宋体, sans-serif;background-color:#FFFFFF;">\n		乌冬面（<a target="_blank" href="https://baike.baidu.com/item/%E6%97%A5%E6%96%87/3463137">日文</a>：うどん，英文：udon，在<a target="_blank" href="https://baike.baidu.com/item/%E6%97%A5%E6%96%87%E6%B1%89%E5%AD%97/10240831">日文汉字</a>中写为：饂饨），又作乌龙，是一种日本面食。是以<a target="_blank" href="https://baike.baidu.com/item/%E5%B0%8F%E9%BA%A6/10237">小麦</a>为原料制造的，在<a target="_blank" href="https://baike.baidu.com/item/%E7%B2%97%E7%BB%86/9607026">粗细</a>和<a target="_blank" href="https://baike.baidu.com/item/%E9%95%BF%E5%BA%A6/1584632">长度</a>方面有特别的规定。\n	</div>\n	<div class="para" style="font-size:14px;color:#333333;font-family:arial, 宋体, sans-serif;background-color:#FFFFFF;">\n		乌冬面在<a target="_blank" href="https://baike.baidu.com/item/%E6%97%A5%E6%9C%AC/111617">日本</a>有很多种类，有<a target="_blank" href="https://baike.baidu.com/item/%E7%A7%8B%E7%94%B0/22535">秋田</a>的稻庭乌冬面、群马的水泽乌冬面、埼玉的加须乌冬面等。\n	</div>\n<span style="color:#333333;font-family:arial, 宋体, sans-serif;font-size:14px;background-color:#FFFFFF;">乌冬面是最具日本</span><a target="_blank" href="https://baike.baidu.com/item/%E7%89%B9%E8%89%B2/3690806">特色</a><span style="color:#333333;font-family:arial, 宋体, sans-serif;font-size:14px;background-color:#FFFFFF;">的面条之一，与日本的</span><a target="_blank" href="https://baike.baidu.com/item/%E8%8D%9E%E9%BA%A6%E9%9D%A2">荞麦面</a><span style="color:#333333;font-family:arial, 宋体, sans-serif;font-size:14px;background-color:#FFFFFF;">、绿茶面并称日本三大面条，是日本料理店</span><span class="sup--normal" style="line-height:0;vertical-align:baseline;color:#3366CC;font-family:arial, 宋体, sans-serif;background-color:#FFFFFF;">&nbsp;[1]</span><a name="ref_[1]_31228"></a>&nbsp;<span style="color:#333333;font-family:arial, 宋体, sans-serif;font-size:14px;background-color:#FFFFFF;">&nbsp;不可或缺的主角。其口感介于切面和</span><a target="_blank" href="https://baike.baidu.com/item/%E7%B1%B3%E7%B2%89">米粉</a><span style="color:#333333;font-family:arial, 宋体, sans-serif;font-size:14px;background-color:#FFFFFF;">之间，口感偏软，再配上精心调制的汤料，就成了一道可口的面食。是将盐和水混入面粉中制作成的白色较粗（直径4毫米～6毫米）的面条。冬天加入</span><a target="_blank" href="https://baike.baidu.com/item/%E7%83%AD%E6%B1%A4">热汤</a><span style="color:#333333;font-family:arial, 宋体, sans-serif;font-size:14px;background-color:#FFFFFF;">、夏天则放凉食用。凉乌冬面可以蘸被叫做“面佐料汁”的浓料汁食用。</span>\n</p>', 'u40870596113326685254fm26gp0.jpg', 26, 2),
(23, '日式照烧滋烤鳗鱼比萨', '<span style="font-family:宋体;font-size:16px;background-color:#FFFFFF;">日式照烧滋烤鳗鱼比萨是一道兼具丰富内涵与高颜值的诱人美味!肉质丰腴的鳗鱼,历经先烤、再蒸、再烤等多重繁复精细的工艺制作,表面金黄酥香,入口软糯绵密。在色泽光亮、口感浓郁的照烧酱汁加持下,鳗鱼被注入了灵魂,不仅锁住其细嫩本色,更增强了鲜香滋味。辅以宛如星星的秋葵和金黄的玉米粒,在海苔和芝麻的点缀下,一道鲜美可口、自带颜值滤镜的美味便跃然眼前!入口处,滑嫩鳗鱼的鲜香与手拍饼底的酥香充盈唇齿之间,让人食欲大开,收获“鳗”载而归的幸福感,不禁盛赞美食不可辜负!</span>\n<p>\n	<br />\n</p>\n<div class="para" style="font-size:14px;color:#333333;font-family:arial, 宋体, sans-serif;background-color:#FFFFFF;">\n</div>\n<p>\n	<br />\n</p>\n<p>\n	<span style="font-family:宋体;font-size:16px;background-color:#FFFFFF;"><span style="font-family:宋体;font-size:16px;background-color:#FFFFFF;">冬日已至,寒意渐浓。“比萨外送专家”达美乐比萨充分发挥自身优势,只需30分钟,让你足不出户便可尽享美味快热送!达美乐比萨中国承诺“外送30分钟必达,超时送免费比萨券”(详情请见免费比萨心意券使用规则或官网说明),更有GPS订单实时追踪,让您订餐更安心!</span><br />\n</span>\n</p>', '2852888451339205094fm26gp0.jpg', 39, 3),
(24, '巴伐利亚风味猪肘盛享比萨', '<p>\n	<span style="font-family:宋体;font-size:16px;background-color:#FFFFFF;"><span style="color:#2B2B2B;font-family:PingFangSC-Regular, &quot;font-size:16px;background-color:#FFFFFF;">巴伐利亚风味猪肘盛享比萨可以说是肉食主义者的狂欢盛宴,丰盛又美味。精选猪前腿肉制作而成的大片猪肘,不仅肉感充实,弹性满满,经过风味香料腌制,肉质更是柔嫩多汁;铺在被精心手拍至厚薄适中的比萨饼底上,呈现出狂野又奔放的风格,简直是肉食主义者的福音,让你大快朵颐,得到极大的满足。而点缀在猪肘之上的酸椰菜,专门从德国进口,可以说是比萨的点睛之笔,不但为这一美食增添纯正且地道的德国风味,也丰富了层次,吃起来香而不腻,让人拥有一种满满的幸福感。</span></span>\n</p>\n<p>\n	<span style="font-family:宋体;font-size:16px;background-color:#FFFFFF;"><span style="color:#2B2B2B;font-family:PingFangSC-Regular, &quot;font-size:16px;background-color:#FFFFFF;">新品于11月2日抢鲜上市,在达美乐比萨门店、官方APP、微信公众号、小程序、官网等均有出售。原价购买更免外送费!周二周三通过官方网上渠道订餐,比萨更享7折优惠!此外,通过达美乐官方网上订餐渠道任意消费后,可参与抽奖,有机会赢取免费比萨、半价比萨、小食等,人人有礼。想亲尝德式美味的小伙伴们速来达美乐尝新吧!</span><br />\n</span> \n</p>', 'u19704751041499883867fm26gp0.jpg', 29, 3),
(25, '扇贝大虾豪华比萨', '<p>\n	<span style="font-family:宋体;font-size:16px;background-color:#FFFFFF;">据了解，此次推出的扇贝大虾豪华比萨由达美乐比萨大师倾力打造。品质肥美的大扇贝与饱满的开背大虾和Q弹鲜甜的虾仁“牵手”所组成的豪华配料阵容，错落有致地铺在被精心手拍至厚薄适中的比萨饼底，融于奶香浓郁的进口芝士中。清甜的扇贝大虾和虾仁，与脆嫩爽滑的秋葵、酸甜适宜的樱桃番茄、韧性松脆的饼底同时入口，唇齿间迸发处的丰富口感带来预测不到的鲜美体验，令人垂涎。</span>\n</p>\n<p>\n	<span style="font-family:宋体;font-size:16px;background-color:#FFFFFF;"><span style="font-family:宋体;font-size:16px;background-color:#FFFFFF;">而此次新推出的洋葱黄金圈，则是一款西式经典产品。酥香美味的洋葱黄金圈，入口浓郁鲜香。搭配美国风情土豆培根比萨、照烧风味牛肉土豆比萨等经典风味比萨，或是鲜嫩多汁的烤翅，乐享西式经典美味！</span><br />\n</span>\n</p>', 'u22723446871848509716fm26gp0.jpg', 69, 3),
(26, '果肉榴莲比萨', '<p>\n	<div class="para" style="font-size:14px;color:#333333;font-family:arial, 宋体, sans-serif;background-color:#FFFFFF;">\n		榴莲披萨是由水果之王-榴莲与奶酪、披萨饼所烤成的水果味披萨。\n	</div>\n	<div class="para" style="font-size:14px;color:#333333;font-family:arial, 宋体, sans-serif;background-color:#FFFFFF;">\n		榴莲披萨是由浓郁的进口芝士搭配上姜黄色的榴莲果肉，味浓，奶油味四溢，果肉拥有凝脂似的质感，层次丰富，入口嫩滑细致，外形、色泽、肉质近乎完美。\n	</div>\n<span style="color:#333333;font-family:arial, 宋体, sans-serif;font-size:14px;background-color:#FFFFFF;">在专用的260℃烤箱中，烤制5分0秒，标准的原料用量，精确的烤制时间，使得每一个披萨的出品都得到保证，芝士香浓，口感拉丝恰到好处，榴莲果肉饱满，入口嫩滑，甜而不腻。</span>\n</p>\n<p>\n	<br />\n</p>', 'u2337281773221235715fm26gp0.jpg', 59, 3),
(27, '雪蟹虾仁富贵比萨', '<p>\n	<br />\n</p>\n<div class="para" style="font-size:14px;color:#333333;font-family:arial, 宋体, sans-serif;background-color:#FFFFFF;">\n	<div class="para" style="font-size:14px;color:#333333;font-family:arial, 宋体, sans-serif;background-color:#FFFFFF;">\n		雪蟹：学名：灰眼雪蟹（科学命名）：Chionoecetes opilio, Chionoecetes bairdi。俗名：雪蟹，皮匠蟹（美国），皇后蟹（加拿大和欧洲）（Snow Crab，Queen Crab） 个体大小：灰眼雪蟹700—1100克；红眼雪蟹1400 —2500克。\n	</div>\n	<div class="para" style="font-size:14px;color:#333333;font-family:arial, 宋体, sans-serif;background-color:#FFFFFF;">\n		雪蟹主要产地：美国阿拉斯加。产地在北大西洋（加拿大大西洋沿岸各省）和北太平洋（俄罗斯远东、美国阿拉斯加、日本北海道）等水域均有捕捞。质量以加拿大新不伦维克省沿岸的圣劳伦斯湾捕捞的雪蟹外观、口感最好。规格在700-1100克。出成率为活蟹到煮熟蟹段60%，活蟹到熟蟹肉17%，\n	</div>\n<a target="_blank" href="https://baike.baidu.com/item/%E9%9B%AA%E8%9F%B9"><span style="font-weight:700;">雪蟹</span></a><span style="color:#333333;font-family:arial, 宋体, sans-serif;font-size:14px;background-color:#FFFFFF;">的主要产地在澳大利亚西南部，蟹壳颜色比较淡，比较软，而肉厚膏肥，可谓是皮薄馅大。活</span><span style="font-weight:700;color:#333333;font-family:arial, 宋体, sans-serif;font-size:14px;background-color:#FFFFFF;">雪蟹</span><span style="color:#333333;font-family:arial, 宋体, sans-serif;font-size:14px;background-color:#FFFFFF;">新鲜煮制的蟹肉特别甜美，也便于制作，蒸煮焖都很适合。</span><br />\n</div>', 'u2496010718994690864fm26gp0.jpg', 69, 3),
(28, '小龙虾酥香嫩鸡比萨', '<p>\n	<span style="color:#333333;font-family:arial, 宋体, sans-serif;font-size:14px;background-color:#FFFFFF;">香酥鸡是</span><a target="_blank" href="https://baike.baidu.com/item/%E5%B1%B1%E4%B8%9C%E7%9C%81/209822">山东省</a><a target="_blank" href="https://baike.baidu.com/item/%E9%9D%92%E5%B2%9B%E5%B8%82/785198">青岛市</a><span style="color:#333333;font-family:arial, 宋体, sans-serif;font-size:14px;background-color:#FFFFFF;">的一道特色名菜，属于鲁菜系，也是青岛十大特色名菜之一</span><span class="sup--normal" style="line-height:0;vertical-align:baseline;color:#3366CC;font-family:arial, 宋体, sans-serif;background-color:#FFFFFF;">&nbsp;[1]</span><a name="ref_[1]_135595"></a>&nbsp;<span style="color:#333333;font-family:arial, 宋体, sans-serif;font-size:14px;background-color:#FFFFFF;">&nbsp;，其传遍</span><a target="_blank" href="https://baike.baidu.com/item/%E6%B5%8E%E5%8D%97/135066">济南</a><span style="color:#333333;font-family:arial, 宋体, sans-serif;font-size:14px;background-color:#FFFFFF;">、青岛、</span><a target="_blank" href="https://baike.baidu.com/item/%E7%83%9F%E5%8F%B0/207299">烟台</a><span style="color:#333333;font-family:arial, 宋体, sans-serif;font-size:14px;background-color:#FFFFFF;">等地区。其选用笋母鸡，以</span><a target="_blank" href="https://baike.baidu.com/item/%E9%AB%98%E6%B1%A4/575974">高汤</a><span style="color:#333333;font-family:arial, 宋体, sans-serif;font-size:14px;background-color:#FFFFFF;">蒸熟，火候足到，入油再炸，焦酥异常，其色红润，肉烂味美，是佐酒之</span><a target="_blank" href="https://baike.baidu.com/item/%E7%BE%8E%E5%91%B3/5430284">美味</a><span style="color:#333333;font-family:arial, 宋体, sans-serif;font-size:14px;background-color:#FFFFFF;">。</span>\n</p>\n<p>\n	<span style="color:#333333;font-family:arial, 宋体, sans-serif;font-size:14px;background-color:#FFFFFF;">香酥鸡是</span><a target="_blank" href="https://baike.baidu.com/item/%E9%9D%92%E5%B2%9B/60244">青岛</a><span style="color:#333333;font-family:arial, 宋体, sans-serif;font-size:14px;background-color:#FFFFFF;">特色名菜之一，选用笋母鸡，以高汤蒸熟，火候足到，入油再炸，焦酥异常，其色红润，肉烂味美，是佐酒之美味。</span>\n</p>', 'u259171361015162000fm26gp0.jpg', 89, 3),
(29, '培根多多肉香粉松土豆比萨', '<p>\n	<span style="color:#333333;font-family:arial;font-size:16px;background-color:#FFFFFF;">培根多多肉香粉松土豆比萨，鲜香弹韧、肉质细腻的培根加量!加量!一口咬下去肉感十足，唇齿留香。搭配网红肉香粉松，松软醇厚，喷香满溢。精选美国进口黄金薯角，外酥里糯。佐以饱满弹嫩的意式香肠丁和青豆，融入馥郁浓香的进口芝士，韧香的饼底，咸香甜软的馅料，经典滋味全新升级!让你一吃倾心，一口难忘!</span>\n</p>\n<p>\n	<span style="color:#333333;font-family:arial;font-size:16px;background-color:#FFFFFF;">新品比萨于6月15日在达美乐上市，价格更是一如既往的亲民。9”仅为69元，更免外送费!周二周三网上订餐（官网/微信/APP），比萨更享7折优惠!想亲尝美味的小伙伴们速来达美乐尝新吧!</span>\n</p>', 'u26255203022357529128fm26gp0.jpg', 69, 3),
(30, '帕斯雀牛肉珍享比萨', '<p>\n	<span style="color:#333333;font-family:sinmsun;font-size:16px;background-color:#FFFFFF;">帕斯雀牛肉向来都是高雅与品位的代名词，选料精细、烹饪考究，更是意式大餐人气食材之一。其肉质柔嫩，经丰富香料熏制，黑椒风味溢出，咸香润泽，作为西餐桌上当之无愧的宠儿，享誉全球。</span>\n</p>\n<p>\n	<span style="color:#333333;font-family:sinmsun;font-size:16px;background-color:#FFFFFF;">帕斯雀牛肉珍享比萨，甄选大片帕斯雀牛肉，其肉质鲜美，嫩滑柔软，融入进口芝士，烘烤后香气四溢，一口咬下，丰富香料的香气充盈口腔，妙不可言。再配上与生俱来西餐范儿的芦笋，爽脆鲜嫩，佐以多汁的番茄，享用珍馐的感觉油然而生。这个盛夏的尊享美味——帕斯雀牛肉珍享比萨，9”仅69元起，更免外送费！周二周三更有网上订餐比萨7折，仅49元起！美味与视觉的双重享受，不容错过！</span>\n</p>', 'u2713430925600779065fm26gp0.jpg', 49, 3),
(31, '照烧风味章鱼虾仁比萨', '<p>\n	<span style="font-family:宋体, Arial, sans-serif;font-size:16px;background-color:#FFFFFF;">火热夏日，边吃比萨边来上一杯冰凉清爽又营养丰富的果汁，那是再快活不过了！达美乐还推出了两款夏日缤纷特饮，“柚”在卖“檬”： 富含多种维生素的白西柚与维C丰富的柠檬相遇，让每一口都交织出阳光般的清新，沁心爽口！另一款红“橙”之恋——精选维C满格的血橙与鲜橙混合，“橙双橙对“，一口沁透心田，令人满心欢悦！</span>\n</p>\n<p>\n	<span style="font-family:宋体, Arial, sans-serif;font-size:16px;background-color:#FFFFFF;">据悉，照烧章鱼鲜虾比萨与夏日特饮将于7月21日起正式在达美乐全国各门店及官网/微信/APP同步上市！照烧章鱼鲜虾比萨， 9”仅69元，周二周三网上订餐享7折，仅48元！美味不容错过！至2017年8月31日，在官网/微信/APP/门店订餐，买原价照烧章鱼鲜虾比萨，即享免外送费！夏日特饮，第二杯半价！</span>\n</p>', 'u3470594554236538398fm26gp0.jpg', 59, 3),
(32, '肉香四溢比萨', '<p>\n	<span style="color:#A5A5A5;font-family:Avenir, Helvetica, Arial, sans-serif;font-size:14px;background-color:#FFFFFF;">多种肉食与进口芝士融合，肉香肆溢！</span><br />\n<span style="color:#A5A5A5;font-family:Avenir, Helvetica, Arial, sans-serif;font-size:14px;background-color:#FFFFFF;">配料：火腿、意式香肠片、意式香肠丁、洋葱、培根、樱桃番茄、芝士</span>\n</p>\n<p>\n</p>', 'u35659186403799516815fm26gp0.jpg', 79, 3),
(33, '金枪鱼比萨', '<p>\n	<span style="color:#333333;font-family:arial, 宋体, sans-serif;font-size:14px;background-color:#FFFFFF;">金枪鱼披萨是一款披萨，制作原料主要有金枪鱼、高粉、干酵母等。</span>\n</p>\n<p>\n	<div class="para" style="font-size:14px;color:#333333;font-family:arial, 宋体, sans-serif;background-color:#FFFFFF;">\n		1、马苏里拉刨丝备用，菠萝切成薄厚均匀的丁状。\n	</div>\n	<div class="para" style="font-size:14px;color:#333333;font-family:arial, 宋体, sans-serif;background-color:#FFFFFF;">\n		2、飞饼皮一张，在披萨盘或烤盘上抹少许食用油，将飞饼皮放入。\n	</div>\n	<div class="para" style="font-size:14px;color:#333333;font-family:arial, 宋体, sans-serif;background-color:#FFFFFF;">\n		3、饼皮上涂一层薄薄的番茄沙司，撒适量帕玛森奶酪。\n	</div>\n	<div class="para" style="font-size:14px;color:#333333;font-family:arial, 宋体, sans-serif;background-color:#FFFFFF;">\n		4、一层金枪鱼肉。\n	</div>\n	<div class="para" style="font-size:14px;color:#333333;font-family:arial, 宋体, sans-serif;background-color:#FFFFFF;">\n		5、切好的菠萝和青豆放到饼皮上。\n	</div>\n	<div class="para" style="font-size:14px;color:#333333;font-family:arial, 宋体, sans-serif;background-color:#FFFFFF;">\n		6、撒适量马苏里拉奶酪。\n	</div>\n	<div class="para" style="font-size:14px;color:#333333;font-family:arial, 宋体, sans-serif;background-color:#FFFFFF;">\n		7、箱预热，175度烤10分钟即可。<span class="sup--normal" style="font-size:12px;line-height:0;vertical-align:baseline;color:#3366CC;">&nbsp;[1]</span>\n	</div>\n</p>', 'u3119075113135877148fm26gp0.jpg', 88, 3),
(34, '芝麻糊', '<p>\n	<span style="color:#333333;font-family:arial, 宋体, sans-serif;font-size:14px;background-color:#FFFFFF;">芝麻糊（hù）是以</span><a target="_blank" href="https://baike.baidu.com/item/%E9%BB%91%E8%8A%9D%E9%BA%BB/405556">黑芝麻</a><span style="color:#333333;font-family:arial, 宋体, sans-serif;font-size:14px;background-color:#FFFFFF;">为主要原料，加入其它</span><a target="_blank" href="https://baike.baidu.com/item/%E4%BA%94%E8%B0%B7%E6%9D%82%E7%B2%AE/94692">五谷杂粮</a><span style="color:#333333;font-family:arial, 宋体, sans-serif;font-size:14px;background-color:#FFFFFF;">制作而成的一种食品。自古以来就被认为是滋补强身、</span><a target="_blank" href="https://baike.baidu.com/item/%E5%BB%B6%E5%B9%B4%E7%9B%8A%E5%AF%BF/5737234">延年益寿</a><span style="color:#333333;font-family:arial, 宋体, sans-serif;font-size:14px;background-color:#FFFFFF;">的佳品。如果选择适当的配料，还有其它功效。</span><span class="ref" style="color:#333333;font-family:arial, 宋体, sans-serif;font-size:14px;background-color:#FFFFFF;">中医认为，芝麻性平味甘，有补肝肾、益精血、润肠燥的功效。</span>\n</p>\n<p>\n	<span style="color:#333333;font-family:arial, 宋体, sans-serif;font-size:14px;background-color:#FFFFFF;">食用指南需要提醒的是，芝麻所含的脂肪酸是以多元不饱和脂肪酸为主的。如果保存不当，比较容易氧化变质。因此，保存芝麻食品时，最好采用密封的方法，并存放在阴凉的地方，避免光照和高温。</span>\n</p>\n<p>\n	<span style="color:#333333;font-family:arial, 宋体, sans-serif;font-size:14px;background-color:#FFFFFF;">营养丰富，清甜麻香，可以解馋，余味无穷。黑芝麻有养颜保健和使白发变黑的功效。</span><a target="_blank" href="https://baike.baidu.com/item/%E9%BB%91%E8%8A%9D%E9%BA%BB">黑芝麻</a><span style="color:#333333;font-family:arial, 宋体, sans-serif;font-size:14px;background-color:#FFFFFF;">中的</span><a target="_blank" href="https://baike.baidu.com/item/%E7%BB%B4%E7%94%9F%E7%B4%A0E">维生素E</a><span style="color:#333333;font-family:arial, 宋体, sans-serif;font-size:14px;background-color:#FFFFFF;">非常丰富，可</span><a target="_blank" href="https://baike.baidu.com/item/%E5%BB%B6%E7%BC%93%E8%A1%B0%E8%80%81/4069179">延缓衰老</a><span style="color:#333333;font-family:arial, 宋体, sans-serif;font-size:14px;background-color:#FFFFFF;">，并有润五脏，强筋骨、益气力等作用；</span><a target="_blank" href="https://baike.baidu.com/item/%E9%BB%91%E7%B1%B3/684820">黑米</a><span style="color:#333333;font-family:arial, 宋体, sans-serif;font-size:14px;background-color:#FFFFFF;">、</span><a target="_blank" href="https://baike.baidu.com/item/%E7%BA%A2%E8%B1%86">红豆</a><span style="color:#333333;font-family:arial, 宋体, sans-serif;font-size:14px;background-color:#FFFFFF;">可以瘦身；</span><a target="_blank" href="https://baike.baidu.com/item/%E8%96%8F%E7%B1%B3/3116601">薏米</a><span style="color:#333333;font-family:arial, 宋体, sans-serif;font-size:14px;background-color:#FFFFFF;">可以活血养颜，富含膳食纤维的</span><a target="_blank" href="https://baike.baidu.com/item/%E8%96%8F%E7%B1%B3/3116601">薏米</a><span style="color:#333333;font-family:arial, 宋体, sans-serif;font-size:14px;background-color:#FFFFFF;">还有预防</span><a target="_blank" href="https://baike.baidu.com/item/%E9%AB%98%E8%A1%80%E8%84%82">高血脂</a><span style="color:#333333;font-family:arial, 宋体, sans-serif;font-size:14px;background-color:#FFFFFF;">、高血压、中风及心血管疾病的功效等等。</span>\n</p>\n<p>\n	<br />\n</p>', 'u2760874213959586776fm26gp0.jpg', 39, 4),
(35, '杏仁糊', '<p>\n	<span style="color:#333333;font-family:arial, 宋体, sans-serif;font-size:14px;background-color:#FFFFFF;">杏仁糊属于保健饮品，主要原料杏仁，调料为</span><a target="_blank" href="https://baike.baidu.com/item/%E7%99%BD%E7%B3%96/4821484">白糖</a><span style="color:#333333;font-family:arial, 宋体, sans-serif;font-size:14px;background-color:#FFFFFF;">，制作方法为杏仁用热水浸泡，去内皮后捣泥，取出放锅中，锅内加糖、适量温水，放火上煮沸即成。口味甜香，工艺是煮，制作难度属于初级。</span>\n</p>\n<p>\n	<span style="color:#333333;font-family:arial, 宋体, sans-serif;font-size:14px;background-color:#FFFFFF;">杏仁的营养丰富，含有丰富的蛋白质，脂肪，而杏仁中的脂肪主要的成分是亚油酸和油酸，杏仁还带有一种独特的香味，那是其他坚果所没有的。</span>\n</p>\n<p>\n	<span style="color:#333333;font-family:arial, 宋体, sans-serif;font-size:14px;background-color:#FFFFFF;">苦杏仁中含有的脂肪油可以促使我们皮肤的角质层变软，还能让干燥的皮肤变得滋润，锁住皮肤里的水分，而且杏仁中被水解酶分解生成HCN，HCN能够一直人体内酪氨酸酶的活性，从而能够消除色素沉淀，黑斑及雀斑等等，所以食用杏仁可以养颜美容。</span>\n</p>', 'u38155751622112228610fm26gp0.jpg', 28, 4),
(36, '花生糊', '<p>\n	<span style="color:#333333;font-family:arial, 宋体, sans-serif;font-size:14px;background-color:#FFFFFF;">花生糊是是一道美味可口的传统名点，属于粤菜系</span><a target="_blank" href="https://baike.baidu.com/item/%E7%94%9C%E5%93%81/10777485">甜品</a><span style="color:#333333;font-family:arial, 宋体, sans-serif;font-size:14px;background-color:#FFFFFF;">之一。把花生磨成末状后，用温水或沸水冲开，就可以食用了。为使口感更佳，在磨花生时也会加小量白米。花生糊通常是热食，尤其是在冬天时食用，可以温暖身体。经常食用可以补血养颜，强体健身。而且对治疗面色苍白，精神不振，手足不温，腰脚无力有益。而且制作简单适合家庭</span><a target="_blank" href="https://baike.baidu.com/item/DIY">DIY</a><span style="color:#333333;font-family:arial, 宋体, sans-serif;font-size:14px;background-color:#FFFFFF;">或经营销售。</span>\n</p>\n<p>\n	<span style="color:#333333;font-family:arial, 宋体, sans-serif;font-size:14px;background-color:#FFFFFF;">花生糊是用花生做成的糊状物，是一道</span><a target="_blank" href="https://baike.baidu.com/item/%E9%A6%99%E6%B8%AF">香港</a><span style="color:#333333;font-family:arial, 宋体, sans-serif;font-size:14px;background-color:#FFFFFF;">传统甜汤。做法是将花生磨成末状后，用温水或沸水冲开，就可以食用了。为使口感更佳，在磨花生时也会加小量白米。花生糊通常是热食，尤其是在冬天时食用，可以温暖身体。</span>\n</p>', 'u37161016621790248061fm26gp0.jpg', 44, 4),
(37, '百合糖水', '<p>\n	<span style="color:#333333;font-family:arial, 宋体, sans-serif;font-size:14px;background-color:#FFFFFF;">\n	<div class="para" style="font-size:14px;color:#333333;font-family:arial, 宋体, sans-serif;background-color:#FFFFFF;">\n		山药百合糖水是一道美味可口的名点，属于粤菜系，具有清肺润燥、滋阴清热、理脾健胃的作用。\n	</div>\n	<div class="para" style="font-size:14px;color:#333333;font-family:arial, 宋体, sans-serif;background-color:#FFFFFF;">\n		制作主要原料有<a target="_blank" href="https://baike.baidu.com/item/%E5%B1%B1%E8%8D%AF/414450">山药</a>50克、干百合100克、红枣10粒。制作方法一般为：先将干百合、红枣清洗干净，山药去皮，切成4厘米，宽1厘米的快锅内放入500毫升清水，大火煮开后将山药、百合、红枣一同放入锅、冰糖50克中，改小火煮45分钟，待水余下一半时，将冰糖放入至完全化开即可。\n	</div>\n	<div class="para" style="font-size:14px;color:#333333;font-family:arial, 宋体, sans-serif;background-color:#FFFFFF;">\n		这道糖水的主角是百合，非常容易的就可以做出一碗好吃又好看的糖水!百合有清肺润燥、滋阴清热、理脾健胃的作用。山药具有健脾益胃助消化，滋肾益精，益肺止咳，降低血糖等功效。宁心安神，补脾胃，益肺肾。\n	</div>\n</span><span style="color:#333333;font-family:arial, 宋体, sans-serif;font-size:14px;background-color:#FFFFFF;"></span>\n</p>', 'u33315761202087160990fm26gp0.jpg', 37, 4);
INSERT INTO `hotel_commodity` (`id`, `subject`, `content`, `image`, `price`, `category_id`) VALUES
(38, '窝蛋奶', '<p>\n	<span style="color:#333333;font-family:arial, 宋体, sans-serif;font-size:14px;background-color:#FFFFFF;"> </span>\n</p>\n<p style="font-size:14px;color:#333333;font-family:arial, 宋体, sans-serif;background-color:#FFFFFF;">\n	<span style="color:#333333;font-family:arial, 宋体, sans-serif;font-size:14px;background-color:#FFFFFF;">窝蛋奶是一种简单易做的</span><a target="_blank" href="https://baike.baidu.com/item/%E7%94%9C%E5%93%81/10777485">甜品</a><span style="color:#333333;font-family:arial, 宋体, sans-serif;font-size:14px;background-color:#FFFFFF;">。它营养价值丰富，入口嫩滑，甜而不腻，很适合做给小朋友们吃。</span>\n</p>\n<p style="font-size:14px;color:#333333;font-family:arial, 宋体, sans-serif;background-color:#FFFFFF;">\n	<div class="para" style="font-size:14px;color:#333333;font-family:arial, 宋体, sans-serif;background-color:#FFFFFF;">\n		1.牛奶选用包装的无糖牛奶，煮牛奶时注意火候，看见牛奶起泡就应该把火力调小，否则牛奶容易溅出。\n	</div>\n	<div class="para" style="font-size:14px;color:#333333;font-family:arial, 宋体, sans-serif;background-color:#FFFFFF;">\n		2、鸡蛋根据个人喜好掌握生、熟的程度，但三四分钟蛋已经完全熟透，所以不要超过这个时间。\n	</div>\n	<div class="para" style="font-size:14px;color:#333333;font-family:arial, 宋体, sans-serif;background-color:#FFFFFF;">\n		3、最好选用细口的容器，这样不用花费太多的牛奶，又可以防止鸡蛋放入牛奶后会“黏底”（粘锅）\n	</div>\n</p>\n<span style="color:#333333;font-family:arial, 宋体, sans-serif;font-size:14px;background-color:#FFFFFF;"></span> \n<p>\n	<br />\n</p>', 'u32556175203892839727fm26gp0.jpg', 19, 4),
(39, '姜撞奶', '<p>\n	<span style="color:#333333;font-family:arial, 宋体, sans-serif;font-size:14px;background-color:#FFFFFF;"> </span> \n</p>\n<p style="font-size:14px;color:#333333;font-family:arial, 宋体, sans-serif;background-color:#FFFFFF;">\n	<span style="color:#333333;font-family:arial, 宋体, sans-serif;font-size:14px;background-color:#FFFFFF;">姜撞奶是广东省广州市的一种特色小吃，属于粤菜，该小吃以姜汁和牛奶为主要原料，加工制作而成，姜撞奶味道香醇爽滑，甜中微辣、风味独特且有暖胃表热作用。</span>\n</p>\n<p style="font-size:14px;color:#333333;font-family:arial, 宋体, sans-serif;background-color:#FFFFFF;">\n	<span style="color:#333333;font-family:arial, 宋体, sans-serif;font-size:14px;background-color:#FFFFFF;">相传在广东番禺沙湾镇，一个年迈的老婆婆犯了咳嗽病，后知道姜汁可治咳嗽，但姜汁太辣，老婆婆无法喝下去，媳妇不小心把奶倒入装姜汁的碗里，奇怪的是过了一阵子牛奶凝结了，婆婆喝了后顿觉满口清香。第二天病就好了。因此姜撞奶就在沙湾镇流传开了，沙湾人把“凝结”叫“埋”于是“姜撞奶”在沙湾也叫“姜埋奶”。</span><span class="sup--normal" style="line-height:0;vertical-align:baseline;color:#3366CC;font-family:arial, 宋体, sans-serif;background-color:#FFFFFF;">&nbsp;[1]</span>\n</p>', 'u1437577017869344182fm2gp0.jpg', 30, 4),
(40, '双皮奶', '<p>\n	<span style="color:#333333;font-family:arial, 宋体, sans-serif;font-size:14px;background-color:#FFFFFF;"> </span> \n</p>\n<p style="font-size:14px;color:#333333;font-family:arial, 宋体, sans-serif;background-color:#FFFFFF;">\n	<span style="color:#333333;font-family:arial, 宋体, sans-serif;font-size:14px;background-color:#FFFFFF;">双皮奶，是一种</span><a target="_blank" href="https://baike.baidu.com/item/%E7%B2%A4/9830969">粤</a><span style="color:#333333;font-family:arial, 宋体, sans-serif;font-size:14px;background-color:#FFFFFF;">式</span><a target="_blank" href="https://baike.baidu.com/item/%E7%94%9C%E5%93%81/10777485">甜品</a><span style="color:#333333;font-family:arial, 宋体, sans-serif;font-size:14px;background-color:#FFFFFF;">。</span><a target="_blank" href="https://baike.baidu.com/item/%E6%B8%85%E6%9C%9D/175141">清朝</a><span style="color:#333333;font-family:arial, 宋体, sans-serif;font-size:14px;background-color:#FFFFFF;">时起源自广东顺德，用</span><a target="_blank" href="https://baike.baidu.com/item/%E6%B0%B4%E7%89%9B%E5%A5%B6">水牛奶</a><span style="color:#333333;font-family:arial, 宋体, sans-serif;font-size:14px;background-color:#FFFFFF;">做原料。现遍布于</span><a target="_blank" href="https://baike.baidu.com/item/%E5%B9%BF%E4%B8%9C/207811">广东</a><span style="color:#333333;font-family:arial, 宋体, sans-serif;font-size:14px;background-color:#FFFFFF;">、</span><a target="_blank" href="https://baike.baidu.com/item/%E6%BE%B3%E9%97%A8/24335">澳门</a><span style="color:#333333;font-family:arial, 宋体, sans-serif;font-size:14px;background-color:#FFFFFF;">、</span><a target="_blank" href="https://baike.baidu.com/item/%E9%A6%99%E6%B8%AF/128775">香港</a><span style="color:#333333;font-family:arial, 宋体, sans-serif;font-size:14px;background-color:#FFFFFF;">等地。</span>\n</p>\n<p style="font-size:14px;color:#333333;font-family:arial, 宋体, sans-serif;background-color:#FFFFFF;">\n	<span style="color:#333333;font-family:arial, 宋体, sans-serif;font-size:14px;background-color:#FFFFFF;">据说，顺德双皮奶始创于</span><a target="_blank" href="https://baike.baidu.com/item/%E6%B8%85%E6%9C%9D/175141">清朝</a><span style="color:#333333;font-family:arial, 宋体, sans-serif;font-size:14px;background-color:#FFFFFF;">末期，是顺德当地一位农民在清晨烹制</span><a target="_blank" href="https://baike.baidu.com/item/%E6%97%A9%E9%A4%90/617">早餐</a><span style="color:#333333;font-family:arial, 宋体, sans-serif;font-size:14px;background-color:#FFFFFF;">的时候，不小心在水牛奶里翻了个花样，无意中调出民间美食“双皮奶”，并流传至今。</span><span class="sup--normal" style="line-height:0;vertical-align:baseline;color:#3366CC;font-family:arial, 宋体, sans-serif;background-color:#FFFFFF;">&nbsp;</span>\n</p>\n<p style="font-size:14px;color:#333333;font-family:arial, 宋体, sans-serif;background-color:#FFFFFF;">\n	<span style="color:#333333;font-family:arial, 宋体, sans-serif;font-size:14px;background-color:#FFFFFF;">牛奶所含的</span><a target="_blank" href="https://baike.baidu.com/item/%E7%A2%B3%E6%B0%B4%E5%8C%96%E5%90%88%E7%89%A9">碳水化合物</a><span style="color:#333333;font-family:arial, 宋体, sans-serif;font-size:14px;background-color:#FFFFFF;">中最丰富的是乳糖，乳糖使钙易于被吸收；含有丰富的</span><a target="_blank" href="https://baike.baidu.com/item/%E8%9B%8B%E7%99%BD%E8%B4%A8/309120">蛋白质</a><span style="color:#333333;font-family:arial, 宋体, sans-serif;font-size:14px;background-color:#FFFFFF;">，包括</span><a target="_blank" href="https://baike.baidu.com/item/%E9%85%AA%E8%9B%8B%E7%99%BD/7143226">酪蛋白</a><span style="color:#333333;font-family:arial, 宋体, sans-serif;font-size:14px;background-color:#FFFFFF;">和少量的</span><a target="_blank" href="https://baike.baidu.com/item/%E4%B9%B3%E6%B8%85%E8%9B%8B%E7%99%BD/7143898">乳清蛋白</a><span style="color:#333333;font-family:arial, 宋体, sans-serif;font-size:14px;background-color:#FFFFFF;">；包括大量人体生长发育所需的</span><a target="_blank" href="https://baike.baidu.com/item/%E6%B0%A8%E5%9F%BA%E9%85%B8">氨基酸</a><span style="color:#333333;font-family:arial, 宋体, sans-serif;font-size:14px;background-color:#FFFFFF;">；</span><a target="_blank" href="https://baike.baidu.com/item/%E9%92%99/720818">钙</a><span style="color:#333333;font-family:arial, 宋体, sans-serif;font-size:14px;background-color:#FFFFFF;">含量很容易被吸收，另外，</span><a target="_blank" href="https://baike.baidu.com/item/%E7%A3%B7/722011">磷</a><span style="color:#333333;font-family:arial, 宋体, sans-serif;font-size:14px;background-color:#FFFFFF;">、</span><a target="_blank" href="https://baike.baidu.com/item/%E9%92%BE/156200">钾</a><span style="color:#333333;font-family:arial, 宋体, sans-serif;font-size:14px;background-color:#FFFFFF;">、</span><a target="_blank" href="https://baike.baidu.com/item/%E9%95%81">镁</a><span style="color:#333333;font-family:arial, 宋体, sans-serif;font-size:14px;background-color:#FFFFFF;">等多种物质的搭配也十分合理；所含有的</span><a target="_blank" href="https://baike.baidu.com/item/%E8%84%82%E8%82%AA">脂肪</a><span style="color:#333333;font-family:arial, 宋体, sans-serif;font-size:14px;background-color:#FFFFFF;">溶点低，</span><a target="_blank" href="https://baike.baidu.com/item/%E9%A2%97%E7%B2%92/17112136">颗粒</a><span style="color:#333333;font-family:arial, 宋体, sans-serif;font-size:14px;background-color:#FFFFFF;">小，很容易被人体</span><a target="_blank" href="https://baike.baidu.com/item/%E6%B6%88%E5%8C%96/403663">消化</a><a target="_blank" href="https://baike.baidu.com/item/%E5%90%B8%E6%94%B6/5629743">吸收</a><span style="color:#333333;font-family:arial, 宋体, sans-serif;font-size:14px;background-color:#FFFFFF;">，并其</span><a target="_blank" href="https://baike.baidu.com/item/%E6%B6%88%E5%8C%96%E7%8E%87/8593560">消化率</a><span style="color:#333333;font-family:arial, 宋体, sans-serif;font-size:14px;background-color:#FFFFFF;">达97%。</span>\n</p>', 'u4084842063560920548fm26gp0.jpg', 43, 4),
(41, '银耳炖木瓜', '<p>\n	<span style="color:#333333;font-family:arial, 宋体, sans-serif;font-size:14px;background-color:#FFFFFF;"> </span> \n</p>\n<p style="font-size:14px;color:#333333;font-family:arial, 宋体, sans-serif;background-color:#FFFFFF;">\n	<span style="color:#333333;font-family:arial, 宋体, sans-serif;font-size:14px;background-color:#FFFFFF;">木瓜炖银耳是一种美食，由木瓜、银耳、冰糖等制成。有利于</span><a target="_blank" href="https://baike.baidu.com/item/%E5%85%BB%E9%98%B4%E6%B6%A6%E8%82%BA/7181355">养阴润肺</a><span style="color:#333333;font-family:arial, 宋体, sans-serif;font-size:14px;background-color:#FFFFFF;">、滋润养颜。老少皆宜。木瓜含有丰富的木瓜酶，能帮助滋润</span><a target="_blank" href="https://baike.baidu.com/item/%E8%82%8C%E8%82%A4/719327">肌肤</a><span style="color:#333333;font-family:arial, 宋体, sans-serif;font-size:14px;background-color:#FFFFFF;">、尽快排除体内毒素；红枣可润心肺、补五脏、治虚损。此款糖水能美白润肤。</span>\n</p>\n<p style="font-size:14px;color:#333333;font-family:arial, 宋体, sans-serif;background-color:#FFFFFF;">\n	<div class="para" style="font-size:14px;color:#333333;font-family:arial, 宋体, sans-serif;background-color:#FFFFFF;">\n		1、银耳用水泡发一小时这样，冲洗干净后，去蒂摘成小碎片。\n	</div>\n	<div class="para" style="font-size:14px;color:#333333;font-family:arial, 宋体, sans-serif;background-color:#FFFFFF;">\n		2、木瓜去外皮，剖开为二，去掉中间的瓤切成小块。（如果木瓜买回来熟的比较透的话，也可以把木瓜洗净，不用去皮。）\n	</div>\n	<div class="para" style="font-size:14px;color:#333333;font-family:arial, 宋体, sans-serif;background-color:#FFFFFF;">\n		3、汤锅中倒入没过银耳的水，盖上盖子，大火烧开后，转小火先煮30分钟。\n	</div>\n	<div class="para" style="font-size:14px;color:#333333;font-family:arial, 宋体, sans-serif;background-color:#FFFFFF;">\n		4、然后再倒入木瓜，加入适量的<a target="_blank" href="https://baike.baidu.com/item/%E5%86%B0%E7%B3%96/777029">冰糖</a>，大火烧开后，转小火也30分钟这样即可。\n	</div>\n</p>', 'u5963752293428507951fm26gp0.jpg', 29, 4),
(42, '芝麻汤圆', '<p>\n	<span style="color:#333333;font-family:arial, 宋体, sans-serif;font-size:14px;background-color:#FFFFFF;"> </span> \n</p>\n<p style="font-size:14px;color:#333333;font-family:arial, 宋体, sans-serif;background-color:#FFFFFF;">\n	<span style="color:#333333;font-family:arial, 宋体, sans-serif;font-size:14px;background-color:#FFFFFF;">黑芝麻汤圆是一道小吃，制作原料主要有糯米粉、黑芝麻，黑芝麻汤圆属于浙菜系。此小吃香甜可口，美味无比。</span>\n</p>\n<p style="font-size:14px;color:#333333;font-family:arial, 宋体, sans-serif;background-color:#FFFFFF;">\n	<span style="color:#333333;font-family:arial, 宋体, sans-serif;font-size:14px;background-color:#FFFFFF;">黑芝麻汤圆是一道色香味俱全的传统名点，黑芝麻的神奇功效，还在于它含有的维生素E居植物性食品之首。维生素E能促进细胞分裂，推迟细胞衰老，常食可抵消或中和细胞内衰物质“游离基”的积累，起到抗衰老和延年益寿的作用。</span>\n</p>\n<p style="font-size:14px;color:#333333;font-family:arial, 宋体, sans-serif;background-color:#FFFFFF;">\n	<span style="color:#333333;font-family:arial, 宋体, sans-serif;font-size:14px;background-color:#FFFFFF;">像个小球白白嫩嫩肥肥，一口咬下去，软而不黏牙，甜而不腻，芝麻香滑可口</span>\n</p>\n<p>\n	<br />\n</p>', 'u14877087423710893324fm26gp0.jpg', 55, 4),
(43, '五粮液', '<p>\n	<span style="color:#333333;font-family:arial, 宋体, sans-serif;font-size:14px;background-color:#FFFFFF;">四川省宜宾五粮液集团有限公司，成立于1997年8月19日，位于四川省宜宾市，是一家以五粮液及其一系列酒的生产经营为主的国有独资公司。</span>\n</p>\n<p>\n	<span style="color:#333333;font-family:arial, 宋体, sans-serif;font-size:14px;background-color:#FFFFFF;">公司已经成为全球规模最大、生态环境最佳、五种粮食发酵、品质最优、古老与现代完美结合的酿酒圣地。公司下属5个子集团公司、12个子公司，占地10平方公里，现有职工30000人。2009年，五粮液集团公司继续保持了科学健康的良性发展，全年实现销售收入350.3亿元，同比增长16.5%；实现利税70亿元，同比增长16.8%，提前一年实现了“十一五”利税目标。五粮液品牌价值更是高达472.06亿元，位居全国最有价值品牌第四位，连续15年保持中国食品品牌价值之冠。</span>\n</p>', 'u3469808927392310230fm26gp0.jpg', 159, 5),
(44, '泸州老窖', '<p>\n	<div class="para" style="font-size:14px;color:#333333;font-family:arial, 宋体, sans-serif;background-color:#FFFFFF;">\n		四川泸州老窖(jiào)是中国最古老的<a target="_blank" href="https://baike.baidu.com/item/%E5%9B%9B%E5%A4%A7%E5%90%8D%E9%85%92/2822230">四大名酒</a>之一，“浓香鼻祖，酒中泰斗”，中国大型白酒上市公司（深交所股票代码000568）。\n	</div>\n	<div class="para" style="font-size:14px;color:#333333;font-family:arial, 宋体, sans-serif;background-color:#FFFFFF;">\n		其1573国宝窖池群1996年成为行业首家<a target="_blank" href="https://baike.baidu.com/item/%E5%85%A8%E5%9B%BD%E9%87%8D%E7%82%B9%E6%96%87%E7%89%A9%E4%BF%9D%E6%8A%A4%E5%8D%95%E4%BD%8D/2960685">全国重点文物保护单位</a>，传统酿制技艺2006年又入选首批<a target="_blank" href="https://baike.baidu.com/item/%E5%9B%BD%E5%AE%B6%E7%BA%A7%E9%9D%9E%E7%89%A9%E8%B4%A8%E6%96%87%E5%8C%96%E9%81%97%E4%BA%A7%E5%90%8D%E5%BD%95/2490096">国家级非物质文化遗产名录</a>，世称“双国宝单位”，旗下产品国窖1573被誉为“活文物酿造”、“中国白酒鉴赏标准级酒品”。\n	</div>\n	<div class="para" style="font-size:14px;color:#333333;font-family:arial, 宋体, sans-serif;background-color:#FFFFFF;">\n		2015年12月25日，原泸州老窖集团副总裁<a target="_blank" href="https://baike.baidu.com/item/%E5%AD%99%E8%B7%83/19182693">孙跃</a>正式出任泸州老窖集团公司总裁、副董事长、党委副书记；原泸州老窖集团总裁<a target="_blank" href="https://baike.baidu.com/item/%E5%BC%A0%E8%89%AF/10481371">张良</a>出任集团董事长、党委书记。\n	</div>\n	<div class="para" style="font-size:14px;color:#333333;font-family:arial, 宋体, sans-serif;background-color:#FFFFFF;">\n		2019年12月，泸州老窖入选2019中国品牌强国盛典榜样100品牌。<span class="sup--normal" style="font-size:12px;line-height:0;vertical-align:baseline;color:#3366CC;">&nbsp;[1]</span><a name="ref_[1]_45043"></a>&nbsp;\n	</div>\n	<div class="para" style="font-size:14px;color:#333333;font-family:arial, 宋体, sans-serif;background-color:#FFFFFF;">\n		2020年9月，中国企业500强榜单揭晓，泸州老窖营收增长超过97%，此次排位直冲到366名。\n	</div>\n</p>', '2123522141517422208fm26gp0.jpg', 259, 5),
(45, '剑南春', '<p>\n	<br />\n</p>\n<div class="para" style="font-size:14px;color:#333333;font-family:arial, 宋体, sans-serif;background-color:#FFFFFF;">\n	<div class="para" style="font-size:14px;color:#333333;font-family:arial, 宋体, sans-serif;background-color:#FFFFFF;">\n		剑南春是中国传统<a target="_blank" href="https://baike.baidu.com/item/%E7%99%BD%E9%85%92/504313">白酒</a>品牌，产于四川省<a target="_blank" href="https://baike.baidu.com/item/%E7%BB%B5%E7%AB%B9%E5%B8%82/1468172">绵竹市</a>，与<a target="_blank" href="https://baike.baidu.com/item/%E7%BB%B5%E7%AB%B9%E6%9C%A8%E7%89%88%E5%B9%B4%E7%94%BB/5409655">绵竹木版年画</a>、<a target="_blank" href="https://baike.baidu.com/item/%E8%B5%B5%E5%9D%A1%E8%8C%B6/2083206">赵坡茶</a>并称为“<a target="_blank" href="https://baike.baidu.com/item/%E7%BB%B5%E7%AB%B9%E4%B8%89%E7%BB%9D/50318669">绵竹三绝</a>”<span class="sup--normal" style="font-size:12px;line-height:0;vertical-align:baseline;color:#3366CC;">&nbsp;[1-2]</span><a name="ref_[1-2]_54822"></a>&nbsp;&nbsp;。\n	</div>\n	<div class="para" style="font-size:14px;color:#333333;font-family:arial, 宋体, sans-serif;background-color:#FFFFFF;">\n		因绵竹在<a target="_blank" href="https://baike.baidu.com/item/%E5%94%90%E4%BB%A3/345315">唐代</a>属剑南道，故称“剑南春”。其主要原料为<a target="_blank" href="https://baike.baidu.com/item/%E7%B3%AF%E7%B1%B3/118479">糯米</a>、<a target="_blank" href="https://baike.baidu.com/item/%E5%A4%A7%E7%B1%B3/22607">大米</a>、<a target="_blank" href="https://baike.baidu.com/item/%E7%8E%89%E7%B1%B3/18401">玉米</a>、<a target="_blank" href="https://baike.baidu.com/item/%E5%B0%8F%E9%BA%A6/10237">小麦</a>、<a target="_blank" href="https://baike.baidu.com/item/%E9%AB%98%E7%B2%B1/2862">高粱</a><span class="sup--normal" style="font-size:12px;line-height:0;vertical-align:baseline;color:#3366CC;">&nbsp;[3]</span><a name="ref_[3]_54822"></a>&nbsp;&nbsp;、水<span class="sup--normal" style="font-size:12px;line-height:0;vertical-align:baseline;color:#3366CC;">&nbsp;[4]</span><a name="ref_[4]_54822"></a>&nbsp;&nbsp;，主要产品有<a target="_blank" href="https://baike.baidu.com/item/%E5%89%91%E5%8D%97%E6%98%A5%E9%85%92/7052409">剑南春酒</a>、<a target="_blank" href="https://baike.baidu.com/item/%E7%8F%8D%E8%97%8F%E7%BA%A7%E5%89%91%E5%8D%97%E6%98%A5/1891739">珍藏级剑南春</a>、<a target="_blank" href="https://baike.baidu.com/item/%E9%87%91%E5%89%91%E5%8D%97/16845942">金剑南</a>、<a target="_blank" href="https://baike.baidu.com/item/%E4%B8%9C%E6%96%B9%E7%BA%A2/22592993">东方红</a>等。\n	</div>\n	<div class="para" style="font-size:14px;color:#333333;font-family:arial, 宋体, sans-serif;background-color:#FFFFFF;">\n		2008年6月，剑南春酒传统酿造技艺入选国家级非物质文化遗产<span class="sup--normal" style="font-size:12px;line-height:0;vertical-align:baseline;color:#3366CC;">&nbsp;[5]</span><a name="ref_[5]_54822"></a>&nbsp;&nbsp;。2018年4月，剑南春位列国际终极烈酒挑战赛中国白酒产品第一名，荣获最高奖“主席奖杯”<span class="sup--normal" style="font-size:12px;line-height:0;vertical-align:baseline;color:#3366CC;">&nbsp;[6]</span><a name="ref_[6]_54822"></a>&nbsp;&nbsp;。\n	</div>\n<br />\n</div>\n<p>\n	<br />\n</p>', 'u3693009581663516311fm26gp0.jpg', 359, 5),
(46, '可口可乐', '<div class="para" style="font-size:14px;color:#333333;font-family:arial, 宋体, sans-serif;background-color:#FFFFFF;">\n	1886年，可口可乐在美国<a target="_blank" href="https://baike.baidu.com/item/%E4%B9%94%E6%B2%BB%E4%BA%9A%E5%B7%9E/2414335">乔治亚州</a><a target="_blank" href="https://baike.baidu.com/item/%E4%BA%9A%E7%89%B9%E5%85%B0%E5%A4%A7/11926">亚特兰大</a>市诞生，自此便与社会发展相互交融，激发创新灵感。现在，它每天为全球的人们带来怡神畅快的美妙感受。\n</div>\n<div class="para" style="font-size:14px;color:#333333;font-family:arial, 宋体, sans-serif;background-color:#FFFFFF;">\n	目前，全球每天有17亿人次的消费者在畅饮可口可乐公司的产品，大约每秒钟售出19,400瓶<a target="_blank" href="https://baike.baidu.com/item/%E9%A5%AE%E6%96%99">饮料</a>，在2016年10月，可口可乐公司排2016年全球100大最有价值品牌第三名<span class="sup--normal" style="font-size:12px;line-height:0;vertical-align:baseline;color:#3366CC;">&nbsp;[1]</span><a name="ref_[1]_5842"></a>&nbsp;&nbsp;；可口可乐为中国消费者提供超过15个品牌50多种饮料选择，其系列产品在华的每天享用量达到1.5亿杯，<span class="sup--normal" style="font-size:12px;line-height:0;vertical-align:baseline;color:#3366CC;">&nbsp;[2]</span><a name="ref_[2]_5842"></a>&nbsp;&nbsp;可口可乐自1979年重返中国市场至2014年底，已累计投资超过90亿美元，目前在华建有43家工厂，系统员工约45,000人，其中99%为本地员工，<span class="sup--normal" style="font-size:12px;line-height:0;vertical-align:baseline;color:#3366CC;">&nbsp;[3]</span><a name="ref_[3]_5842"></a>&nbsp;&nbsp;可口可乐及其装瓶厂在中国长期以来不遗余力地支持教育及公益事业，推广环境保护以及帮助当地社区的发展，捐资总额超过2.7亿元人民币，另外，可口可乐亦是唯一一个全方位赞助在中国举办的<a target="_blank" href="https://baike.baidu.com/item/%E7%89%B9%E5%A5%A5%E4%BC%9A/251377">特奥会</a>、<a target="_blank" href="https://baike.baidu.com/item/%E5%A5%A5%E8%BF%90%E4%BC%9A/106463">奥运会</a>、<a target="_blank" href="https://baike.baidu.com/item/%E6%AE%8B%E5%A5%A5%E4%BC%9A/11168942">残奥会</a>、<a target="_blank" href="https://baike.baidu.com/item/%E4%B8%96%E5%8D%9A%E4%BC%9A/171154">世博会</a>、<a target="_blank" href="https://baike.baidu.com/item/%E5%A4%A7%E8%BF%90%E4%BC%9A/9936118">大运会</a>及<a target="_blank" href="https://baike.baidu.com/item/%E9%9D%92%E5%A5%A5%E4%BC%9A/11222276">青奥会</a>的企业。\n</div>', 'u12870902103053473278fm26gp0.jpg', 4, 5),
(47, '果粒橙', '<p style="font-size:14px;color:#333333;font-family:arial, 宋体, sans-serif;background-color:#FFFFFF;">\n	<a target="_blank" href="https://baike.baidu.com/item/%E7%BE%8E%E6%B1%81%E6%BA%90/149111">美汁源</a><span style="color:#333333;font-family:arial, 宋体, sans-serif;font-size:14px;background-color:#FFFFFF;">是</span><a target="_blank" href="https://baike.baidu.com/item/%E5%8F%AF%E5%8F%A3%E5%8F%AF%E4%B9%90%E5%85%AC%E5%8F%B8/1612740">可口可乐公司</a><span style="color:#333333;font-family:arial, 宋体, sans-serif;font-size:14px;background-color:#FFFFFF;">2004年4月份上市的一个品牌，是全球销量最大的</span><a target="_blank" href="https://baike.baidu.com/item/%E6%9E%9C%E6%B1%81/1176606">果汁</a><span style="color:#333333;font-family:arial, 宋体, sans-serif;font-size:14px;background-color:#FFFFFF;">品牌之一。美汁源创立于</span><a target="_blank" href="https://baike.baidu.com/item/%E7%BE%8E%E5%9B%BD/125486">美国</a><span style="color:#333333;font-family:arial, 宋体, sans-serif;font-size:14px;background-color:#FFFFFF;">，拥有超过60年的专业果汁生产经验。2004年美汁源到中国并成功推出了“美汁源果粒橙“含真正果肉的</span><a target="_blank" href="https://baike.baidu.com/item/%E6%A9%99%E6%B1%81/2836411">橙汁</a><span style="color:#333333;font-family:arial, 宋体, sans-serif;font-size:14px;background-color:#FFFFFF;">饮料。目前，该产品</span><a target="_blank" href="https://baike.baidu.com/item/%E5%88%86%E9%94%80/1800508">分销</a><span style="color:#333333;font-family:arial, 宋体, sans-serif;font-size:14px;background-color:#FFFFFF;">100 多个国家不添加</span><a target="_blank" href="https://baike.baidu.com/item/%E9%98%B2%E8%85%90%E5%89%82/2532023">防腐剂</a><span style="color:#333333;font-family:arial, 宋体, sans-serif;font-size:14px;background-color:#FFFFFF;">和</span><a target="_blank" href="https://baike.baidu.com/item/%E4%BA%BA%E9%80%A0%E8%89%B2%E7%B4%A0/708680">人造色素</a><span style="color:#333333;font-family:arial, 宋体, sans-serif;font-size:14px;background-color:#FFFFFF;">。</span>\n</p>\n<p style="font-size:14px;color:#333333;font-family:arial, 宋体, sans-serif;background-color:#FFFFFF;">\n	<span style="color:#333333;font-family:arial, 宋体, sans-serif;font-size:14px;background-color:#FFFFFF;">美汁源（Minute Maid）是可口可乐在全球使用多年的果汁品牌。最早可追溯到1946年4月15日第一批从美国佛罗里达运出的冷冻浓缩橙汁，此举标志着现代果汁</span><a target="_blank" href="https://baike.baidu.com/item/%E5%88%B6%E9%80%A0%E4%B8%9A">制造业</a><span style="color:#333333;font-family:arial, 宋体, sans-serif;font-size:14px;background-color:#FFFFFF;">的诞生。</span><a target="_blank" href="https://baike.baidu.com/item/%E5%8F%AF%E5%8F%A3%E5%8F%AF%E4%B9%90">可口可乐</a><span style="color:#333333;font-family:arial, 宋体, sans-serif;font-size:14px;background-color:#FFFFFF;">希望借新果汁引入这一全球品牌。但问题在于，Minute Maid针对全球不同市场有不同的产品定位，并对应着各具文化特质的本地翻译。如何把一个50多年前诞生的英文翻译成汉语、并能恰如其分地表达品牌含义？林邦源再次被难住了。</span>\n</p>', 'u3173558848911976369fm26gp0.jpg', 5, 5),
(48, '柠檬C', '<p style="font-size:14px;color:#333333;font-family:arial, 宋体, sans-serif;background-color:#FFFFFF;">\n	<span style="color:#333333;font-family:arial, 宋体, sans-serif;font-size:14px;background-color:#FFFFFF;">柠檬C是一种重要的有机酸，又名</span><a target="_blank" href="https://baike.baidu.com/item/%E6%9E%B8%E6%A9%BC%E9%85%B8/1188933">枸橼酸</a><span style="color:#333333;font-family:arial, 宋体, sans-serif;font-size:14px;background-color:#FFFFFF;">，无色晶体，常含一分子结晶水，无臭，有很强的酸味，易溶于水。其钙盐在冷水中比热水中易溶解，此性质常用来鉴定和分离柠檬酸。结晶时控制适宜的温度可获得无水柠檬酸。在工业，食品业，化妆业等具有极多的用途。</span>\n</p>\n<p style="font-size:14px;color:#333333;font-family:arial, 宋体, sans-serif;background-color:#FFFFFF;">\n	<span style="color:#333333;font-family:arial, 宋体, sans-serif;font-size:14px;background-color:#FFFFFF;">在室温下，柠檬C为无色半透明</span><a target="_blank" href="https://baike.baidu.com/item/%E6%99%B6%E4%BD%93">晶体</a><span style="color:#333333;font-family:arial, 宋体, sans-serif;font-size:14px;background-color:#FFFFFF;">或白色颗粒或白色结晶性粉末，无臭、味极酸，在潮湿的空气中微有</span><a target="_blank" href="https://baike.baidu.com/item/%E6%BD%AE%E8%A7%A3%E6%80%A7">潮解性</a><span style="color:#333333;font-family:arial, 宋体, sans-serif;font-size:14px;background-color:#FFFFFF;">。它可以以无水合物或者一水合物的形式存在：柠檬C从热水中结晶时，生成无水合物；在冷水中结晶则生成一水合物。加热到78 °C时一水合物会分解得到无水合物。在15摄氏度时，柠檬C也可在</span><a target="_blank" href="https://baike.baidu.com/item/%E6%97%A0%E6%B0%B4%E4%B9%99%E9%86%87">无水乙醇</a><span style="color:#333333;font-family:arial, 宋体, sans-serif;font-size:14px;background-color:#FFFFFF;">中溶解。</span>\n</p>', 'u24749648773113075125fm26gp0.jpg', 8, 5),
(49, 'o泡果奶', '<p style="font-size:14px;color:#333333;font-family:arial, 宋体, sans-serif;background-color:#FFFFFF;">\n	<span style="color:#333333;font-family:arial, 宋体, sans-serif;font-size:14px;background-color:#FFFFFF;">2018年6月11日，国家广播电视总局下发通知，停止播出“O泡果奶”等违规广告。其中宣传“O泡果奶”“莎娃鸡尾酒”的电视广告，部分内容含有表现学生早恋和少男少女饮用酒精饮品感受等情节，价值导向存在偏差，易对未成年人产生误导，影响未成年人健康成长。</span>\n</p>', 'u5720124062364888884fm26gp0.jpg', 3, 5),
(50, '青岛啤酒', '<p style="font-size:14px;color:#333333;font-family:arial, 宋体, sans-serif;background-color:#FFFFFF;">\n	<div class="para" style="font-size:14px;color:#333333;font-family:arial, 宋体, sans-serif;background-color:#FFFFFF;">\n		青岛啤酒产自<a target="_blank" href="https://baike.baidu.com/item/%E9%9D%92%E5%B2%9B%E5%95%A4%E9%85%92%E8%82%A1%E4%BB%BD%E6%9C%89%E9%99%90%E5%85%AC%E5%8F%B8/6684207">青岛啤酒股份有限公司</a>，公司的前身是国营青岛啤酒厂，1903年由<a target="_blank" href="https://baike.baidu.com/item/%E8%8B%B1/4636599">英</a>、<a target="_blank" href="https://baike.baidu.com/item/%E5%BE%B7">德</a>两国商人合资开办，是最早的啤酒生产企业之一。2008年<a target="_blank" href="https://baike.baidu.com/item/%E5%8C%97%E4%BA%AC%E5%A5%A5%E8%BF%90%E4%BC%9A">北京奥运会</a>官方赞助商，跻身<a target="_blank" href="https://baike.baidu.com/item/%E4%B8%96%E7%95%8C%E5%93%81%E7%89%8C500%E5%BC%BA/10173844">世界品牌500强</a>。\n	</div>\n	<div class="para" style="font-size:14px;color:#333333;font-family:arial, 宋体, sans-serif;background-color:#FFFFFF;">\n		青岛啤酒选用优质<a target="_blank" href="https://baike.baidu.com/item/%E5%A4%A7%E9%BA%A6/687074">大麦</a>、<a target="_blank" href="https://baike.baidu.com/item/%E5%A4%A7%E7%B1%B3/22607">大米</a>、上等<a target="_blank" href="https://baike.baidu.com/item/%E5%95%A4%E9%85%92%E8%8A%B1/4454">啤酒花</a>和软硬适度、洁净甘美的<a target="_blank" href="https://baike.baidu.com/item/%E5%B4%82%E5%B1%B1%E7%9F%BF%E6%B3%89%E6%B0%B4/6642294">崂山矿泉水</a>为原料酿制而成。原麦汁浓度为十二度，酒精含量3．5－4%。酒液清澈透明、呈淡黄色，泡沫清白、细腻而持久。2018年12月18日，世界品牌实验室发布《<a target="_blank" href="https://baike.baidu.com/item/2018%E4%B8%96%E7%95%8C%E5%93%81%E7%89%8C500%E5%BC%BA/23215459">2018世界品牌500强</a>》，青岛啤酒排名第310。<span class="sup--normal" style="font-size:12px;line-height:0;vertical-align:baseline;color:#3366CC;">&nbsp;[1]</span><a name="ref_[1]_18992"></a>&nbsp;\n	</div>\n	<div class="para" style="font-size:14px;color:#333333;font-family:arial, 宋体, sans-serif;background-color:#FFFFFF;">\n		2019年4月10日，青岛啤酒第41届“提高质量纪念日”主题活动——“匠心筑梦，开创魅力质量新时代”在青岛啤酒二厂举行<span class="sup--normal" style="font-size:12px;line-height:0;vertical-align:baseline;color:#3366CC;">&nbsp;[2]</span><a name="ref_[2]_18992"></a>&nbsp;&nbsp;。\n	</div>\n	<div class="para" style="font-size:14px;color:#333333;font-family:arial, 宋体, sans-serif;background-color:#FFFFFF;">\n		2019年12月，青岛啤酒入选2019中国品牌强国盛典榜样100品牌。<span class="sup--normal" style="font-size:12px;line-height:0;vertical-align:baseline;color:#3366CC;">&nbsp;[3]</span><a name="ref_[3]_18992"></a>&nbsp;&nbsp;2019年12月18日，人民日报“中国品牌发展指数”100榜单排名第91位。\n	</div>\n</p>', 'u22721975983230367596fm26gp0.jpg', 9, 5);

-- --------------------------------------------------------

--
-- 表的结构 `hotel_news`
--

CREATE TABLE `hotel_news` (
  `id` mediumint(8) UNSIGNED NOT NULL COMMENT '新闻Id且主键自增',
  `subject` varchar(50) NOT NULL COMMENT '文章标题',
  `created_at` varchar(50) NOT NULL COMMENT '日期',
  `intro` varchar(255) NOT NULL COMMENT '文章简介',
  `image` varchar(50) NOT NULL COMMENT '图片',
  `content` varchar(5000) NOT NULL COMMENT '内容'
) ENGINE=InnoDB DEFAULT CHARSET=utf8;

--
-- 转存表中的数据 `hotel_news`
--

INSERT INTO `hotel_news` (`id`, `subject`, `created_at`, `intro`, `image`, `content`) VALUES
(1, '大连毅都冷链暂停一冷库进出库；嘉吉回应国产鸡腿包装核酸阳性', '2020-12-18', '12月17日，新京报记者从大连港毅都冷链有限公司（简称“毅都冷链”）官方微信获悉，因其一期冷库存放疫情可疑冻品，已暂停一期仓储进出库业务。此前，4名在该公司从事进口冷链食品搬卸工作的大连浩瀚劳务公司员工于12月15日被确诊为新冠病毒无症状感染者。', '222222.png', '<p style="text-align: left; ">12月17日，新京报记者从大连港毅都冷链有限公司（简称“毅都冷链”）官方微信获悉，因其一期冷库存放疫情可疑冻品，已暂停一期仓储进出库业务。此前，4名在该公司从事进口冷链食品搬卸工作的大连浩瀚劳务公司员工于12月15日被确诊为新冠病毒无症状感染者。</p><p style="text-align: left; margin-top: 23px;">同日，嘉吉动物蛋白（安徽）有限公司通过“嘉吉蛋白”官方微信平台，就此前由该公司供应江苏无锡市场1批次国产“琵琶鸡腿”产品外包装核酸检测呈阳性一事发布声明。</p><h3 label="标题2" style="margin-top: 23px; text-align: left; font-size: 16px; font-weight: bold;" id="h3Index0">毅都冷链因一期冷库存放疫情可疑冻品 已暂停进出库</h3><p style="text-align: left; margin-top: 23px;">12月16日，大连市卫健委副主任赵连在新闻发布会上介绍，12月15日，相关工作部门在对毅都冷链“应检尽检”人员定期例行检测中，发现4例新冠病毒无症状感染者，为同一班组工友。</p><p style="text-align: left; margin-top: 23px;">天眼查资料显示，毅都冷链成立于2004年，注册资本为5.21亿元，大连港集发物流有限责任公司、大连华亿毅都投资有限公司分别持股46.64%，国开发展基金有限公司持股6.72%，主要经营国际贸易、转口贸易、仓储、食品加工等。</p><p style="text-align: center; margin-top: 23px;"><img src="http://www.canyin88.com/uploads/201218/2c4d62a867fe1f1d21801911044dd739_1.png"></p><p style="text-align: left; margin-top: 23px;">12月16日，涉事企业毅都冷链发布消息称，自身一直以来遵照政府对冷链企业疫情防控要求，落实防控常态化管理，对冷链从业人员定期进行核酸检测。12月15日在对俄罗斯渔船的外委劳务公司大连浩瀚劳务公司人员例行核酸检测时，4人检查结果为阳性。毅都冷链已第一时间将情况汇报至政府，为整体疫情防控赢得宝贵时间。</p><p style="text-align: left; margin-top: 23px;">毅都冷链还称，已制定严格防疫管理规定，采用网格化绝缘管理，严防严控，措施到位。近400名员工无一是本次感染者的密切接触者，目前所有员工核酸结果为阴性。</p><p style="text-align: left; margin-top: 23px;">对于相关场地处理情况，毅都冷链透露，其一期冷库现因存放本次疫情可疑冻品，已暂停一期仓储进出库业务，而一期场地正常营业；二期堆场、二期保税库业务正常进行，一般贸易库待政府评估后将很快营业；三、四期场地正常营业。12月17日，新京报记者依据天眼查平台提供的企业电话，围绕最新防疫进展、与劳务公司当前合作关系等问题多次致电毅都冷链，截至发稿前，电话尚未接通。</p><h3 label="标题2" style="margin-top: 23px; text-align: left; font-size: 16px; font-weight: bold;" id="h3Index1">嘉吉回应国产鸡腿包装核酸阳性</h3><p style="text-align: left; margin-top: 23px;">12月15日，嘉吉动物蛋白（安徽）滁州工厂接当地政府通知，在工厂供应江苏无锡市场1批次“琵琶鸡腿”产品中，一份抽检标本经无锡市第三方检验机构核酸检测呈阳性，后经无锡市疾控中心复核为阳性。</p><p style="text-align: left; margin-top: 23px;">12月17日，嘉吉动物蛋白（安徽）发布声明称，已密切配合政府部门进行全面检测和排查，目前结果显示，工厂所有员工核酸检测结果均为阴性，对产品原料、生产流水线、厂内冷链转运车、办公场所、冷库等423份各类样本的核酸检测结果也均为阴性。上述涉事批次的鸡腿产品由经销商自行提货、运输、入库和取样送检。目前，安徽来安县疫情防控应急指挥部对省外运输物流环节已发协查通告函。嘉吉动物蛋白滁州工厂将继续严格执行相关的防疫措施和要求，积极主动保证人员安全和产品安全。</p><p style="text-align: center; margin-top: 23px;"><img src="http://www.canyin88.com/uploads/201218/2c4d62a867fe1f1d21801911044dd739_2.jpg"></p><p style="text-align: left; margin-top: 23px;">天眼查资料显示，嘉吉动物蛋白（安徽）注册资本近4.68亿美元，由嘉吉投资（中国）有限公司全资控股，业务包含肉鸡、饲料、畜禽肉制品、水产品、食用油的销售等。据嘉吉中国官网介绍，嘉吉动物蛋白事业部是全球最大的肉类和禽类加工商之一，业务遍及世界五大洲。2011年，嘉吉在安徽省滁州市来安县投资2.5亿美元，兴建了集饲养、繁育和加工于一体的禽肉全产业链项目。2019年，嘉吉在安徽滁州的动物蛋白深加工二期工厂投产。</p><p style="text-align: left; margin-top: 23px;">12月16日至17日，新京报记者依据天眼查收录的企业电话，围绕涉疫鸡腿流入市场情况、嘉吉动物蛋白（安徽）的防疫措施及经营状况等，先后致电嘉吉蛋白营养科技（滁州）、嘉吉动物蛋白（安徽）、嘉吉中国，并通过官网留存联系方式发送采访提纲，截至发稿前尚未得到回复。</p>'),
(2, '武汉茶颜开店的第二周 社区开始团购奶茶了', '2020-12-18 ', '12月1日，茶颜悦色终于在湖南以外地区开店了。省外首店——茶颜悦色武汉天地店正式营业的第一天，队伍最长排至8小时，因门店运力负荷，不再允许排队。', '777777.jpg', '<p style="">12月1日，茶颜悦色终于在湖南以外地区开店了。省外首店——茶颜悦色武汉天地店正式营业的第一天，队伍最长排至8小时，因门店运力负荷，不再允许排队。</p><p style="margin-top:23px;">而后，网络关于“茶颜悦色排队8小时”的话题不断攀升，也有人将<strong>“现场排队与从武汉坐高铁到长沙哪个能先喝到茶颜” </strong>进行对比。毫无悬念，当然是坐高铁快，即使是全程开车，武汉到长沙也只要2个多小时。</p><p style="margin-top:23px;">的确如此。就在第二天，社区团购便发现了“商机”，专车从长沙团购茶颜悦色回武汉。</p><p style="margin-top:23px;text-align:center"><img src="http://www.canyin88.com/uploads/201218/249fb5f80d86afb11b75262ca5658b6b_1.jpg"></p><p style="margin-top:23px;text-align:center"><img src="http://www.canyin88.com/uploads/201218/249fb5f80d86afb11b75262ca5658b6b_2.jpg"></p><p style="margin-top:23px;">由于茶颜悦色的饮品为奶茶加奶油顶的组合，而奶油顶极易在运输与摇晃中失去造型、影响风味，当被问及产品的奶油顶是否会融化时，团长很快就作出回复：<strong>会将奶油分装，但奶泡没法保证不消失，出现欠杯现象属正常。 </strong></p><p style="margin-top:23px;text-align:center"><img src="http://www.canyin88.com/uploads/201218/249fb5f80d86afb11b75262ca5658b6b_3.jpg"></p><p style="margin-top:23px;text-align:center"><img src="http://www.canyin88.com/uploads/201218/249fb5f80d86afb11b75262ca5658b6b_4.jpg"></p><p style="margin-top:23px;">而也就是在这两天，茶颜悦色发过公告，说明外卖包装升级，除奶油分装外，还会调整外卖配方，能放置较长时间保持风味不变，泡沫情况受路况、时长影响。团长在群内发布的团购解说，与此大致相同。</p><p style="margin-top:23px;">团购群里，也有人询问是否是冲泡产品，团长表示是奶茶和辅料分装的。</p><p style="margin-top:23px;">渠道虽并未明言，但都表示是从长沙茶颜悦色店里出的货，且完整的回复术语、配上网友打卡图片与解说，表明不仅仅是这一个群在团购奶茶。</p><p style="margin-top:23px;text-align:center"><img src="http://www.canyin88.com/uploads/201218/249fb5f80d86afb11b75262ca5658b6b_5.jpg"></p><p style="margin-top:23px;text-align:center"><img src="http://www.canyin88.com/uploads/201218/249fb5f80d86afb11b75262ca5658b6b_6.jpg"></p><p style="margin-top:23px;">团长直言，要先由他下单“抢”回一定数量的产品，再在群中发接龙。</p><p style="margin-top:23px;">接龙发出后，价格浮出水面。30元一杯，品种只有3个：幽兰拿铁，声声乌龙，桂花弄。</p><p style="margin-top:23px;">数量较少，总共加起来也不过十几杯。在近500人的群内，很容易被购空。尽管团购价约为原价的两倍，但不用排队，只要等团长通知到货就可以取。</p><p style="margin-top:23px;text-align:center"><img src="http://www.canyin88.com/uploads/201218/249fb5f80d86afb11b75262ca5658b6b_7.jpg"></p><p style="margin-top:23px;text-align:center"><img src="http://www.canyin88.com/uploads/201218/249fb5f80d86afb11b75262ca5658b6b_8.jpg"></p><p style="margin-top:23px;">实际上，在茶颜悦色武汉天地店开张至今，尽管依旧要排队，但不论人数还是时长都比第一天少了很多。<br></p><p style="margin-top:23px;">茶颜悦色从一开始的限购四杯变成限购两杯，让队伍得以快速前进，也使得黄牛的叫价从三位数跌到两位数，但只要有需求，倒卖者的套利空间就依旧存在。</p><p style="margin-top:23px;text-align:center"><img src="http://www.canyin88.com/uploads/201218/249fb5f80d86afb11b75262ca5658b6b_11.jpg"></p><p style="margin-top:23px;text-align:center"><img src="http://www.canyin88.com/uploads/201218/249fb5f80d86afb11b75262ca5658b6b_12.jpg"></p><p style="margin-top:23px;">社区团购也是如此，归根到底是用量来铺货，以赚取更大差额。而像茶颜悦色这样自带流量的新品，还可以为自己获得更高的套利空间。</p><p style="margin-top:23px;"><strong>当社区团购开始有了现调茶饮，其口感、风味受运输时长影响能有多大？以后会否持续发展？ </strong>这些还未可知，但至少表明堂食、外卖已经不是唯二的销售渠道了。</p><p style="margin-top: 23px;">如果中大型品牌饮品店有稳定的客源、完善的配送系统、合理的社群消费模式，那些单单倚靠社区流量维持生计的小型奶茶店，其生存空间或将更狭窄。</p>'),
(3, '美团、饿了么外卖狂奔背后：料理包全面潜入你的胃', '2020-12-18', '随着餐饮外卖的狂奔，具有标准化、出餐快、成本可控等优点的料理包被广泛应用于餐饮业。除了外卖，料理包也正广泛进入连锁快餐店、正餐店、街边小店的堂食产品，以及家庭餐桌。仅参考餐饮外卖的增速，预计国内料理包市场规模就有望保持超10%的增速。', '1608258405551857.jpg', '<p style="text-align: left; ">随着餐饮外卖的狂奔，具有标准化、出餐快、成本可控等优点的料理包被广泛应用于餐饮业。除了外卖，料理包也正广泛进入连锁快餐店、正餐店、街边小店的堂食产品，以及家庭餐桌。仅参考餐饮外卖的增速，预计国内料理包市场规模就有望保持超10%的增速。</p><p style="text-align: left; margin-top: 23px;">当你和朋友、家人去一家还不错的餐厅就餐，点了五、六道菜，结果可能不到10分钟菜全上齐了。会不会有点好奇：为什么可以这么快？</p><p style="text-align: left; margin-top: 23px;">当你在路边的快餐店点一份黄焖鸡米饭，不到两分钟，服务员就把餐送上来了。在大快朵颐的同时，你会不会生出一丝丝疑问：黄焖鸡光炖就需要半小时，上饭怎么可以这么快？</p><p style="text-align: left; margin-top: 23px;">如果你点的是一份猪脚饭，它可能是这样做出来的：在碗里打一些米饭，再加一点煮熟的土豆丝，然后把烫热的料理包取出来，剪开口倒进碗里，再加点卤蛋和葱花点缀，一份猪脚饭就做好了。</p><p style="text-align: left; margin-top: 23px;">整个过程不过几分钟时间，简单、快速。</p><p style="text-align: left; margin-top: 23px;">在这份猪脚饭的制作过程里，料理包就是加速出餐的一个关键元素。</p><p style="text-align: left; margin-top: 23px;">多年来，餐厅经营者们一直在思考如何在高峰期快速出餐。而除了速度，他们还在思考如何减少餐品备货的浪费、如何在快速扩张的同时做到口味标准化？</p><p style="text-align: left; margin-top: 23px;">料理包成了餐饮行业备受欢迎的解决方案。</p><p style="text-align: left; margin-top: 23px;">随着美团外卖、饿了么外卖的狂奔，料理包被广泛应用于餐饮业，并因此被带飞。实际上，除了外卖，料理包正在广泛进入连锁快餐店、正餐店、街边小店的堂食产品，以及家庭餐桌，悄悄潜入消费者的胃里。</p><p style="text-align: center; margin-top: 23px;"><img src="http://www.canyin88.com/uploads/image/2020/12/18/1608258405551857.jpg" title="美团、饿了么外卖狂奔背后：料理包全面潜入你的胃" alt="美团、饿了么外卖狂奔背后：料理包全面潜入你的胃"></p><h2 label="标题1" style="margin-top: 23px; border-left-color: rgb(255, 68, 68); border-left-width: 10px; border-left-style: solid; text-align: left; font-size: 18px; text-indent: 0.5em; line-height: 22px;" id="h2Index0">1 进击的料理包</h2><p style="text-align: left; margin-top: 23px;">简单来说，料理包就是工厂通过工业化手段，批量制作出来的成品菜品，它也叫菜肴包，在低温下可以长时间保存，加热之后就可以直接食用。</p><p style="text-align: left; margin-top: 23px;">目前，料理包主要分为常温料理包、冷冻料理包。行业人士表示，二者最大的不同在于杀菌的方法。常温料理包采用巴式消毒（高温杀菌），在121度以上的高温下将肉制品内细菌杀死，然后将食品放入特制的耐煮、微波PET袋内密闭封口。</p><p style="text-align: left; margin-top: 23px;">而冷冻料理包是通过各种速冻技术，让产品在瞬间达到冷冻状态，再将料理包放置于-18℃下贮存，使料理包无法产生细菌。</p><p style="text-align: left; margin-top: 23px;">冷冻料理包被业内视为相对完美的料理包产品，因为它采用瞬间急速冷冻的方式，在解冻的时候，水分又被食物吸收了，所以汁液、营养都没有流失。</p><p style="text-align: left; margin-top: 23px;">且在口味上，冷冻料理包要优于常温料理包，前者口味接近于现炒，而后者由于高温杀菌，口味类似于蒸出来的菜品，比如肉类缺乏嚼劲。</p><p style="text-align: left; margin-top: 23px;">不过，冷冻料理包的成本要更高，因为它对运输和包装条件都有一定要求，运输过程中要确保水分不流失，就需要全程低温-18℃，商家也需要有冷冻冰箱来进行存贮。所以连锁餐厅通常采用冷冻料理包。</p><p style="text-align: left; margin-top: 23px;">对于大部分个人来说，料理包是个陌生词汇，但现实中它早已大量进入过很多人的胃，比如通过外卖。</p><p style="text-align: left; margin-top: 23px;">“外卖里面大概有70%的餐品都是用料理包做的”。</p><p style="text-align: left; margin-top: 23px;">张爽在一家料理包工厂任职，他举例说，外卖中常见的三杯鸡、香菇滑鸡、卤肉饭等，都是用料理包做出来的。</p><p style="text-align: left; margin-top: 23px;">除了外卖，料理包还攻占了很多餐厅的堂食菜品。</p><p style="text-align: left; margin-top: 23px;">一家快餐店老板就采用了料理包。他表示，顾客点餐后注意力都在手机上，不会关注后厨是怎么做的，只要不难吃就行了。</p><p style="text-align: left; margin-top: 23px;">按照张敏的说法，几乎所有知名快餐品牌的米饭类产品都是用料理包；连锁快餐品牌包括吉野家、真功夫、乡村基等，以及黄焖鸡米饭、老鸭粉丝汤这类街边快餐店，有很大一部分是料理包的采购方。</p><p style="text-align: left; margin-top: 23px;">料理包的风靡也造就了一大批工厂蒸蒸日上，特别是在四川等西南省份。张爽所在的工厂就在四川，他们厂目前一个月的销售额在5000万元左右。</p><p style="text-align: left; margin-top: 23px;">王一飞在一个料理包生产厂家任高管。据他说，他们厂一天出100万单不成问题，知名的客户遍布全国各地，比如武汉的“四美包子”、苏州的“如意混沌”等，他们的米饭套餐都采购自该工厂。</p><p style="text-align: left; margin-top: 23px;">广州的蒸烩煮（下称蒸烩煮）食品有限公司是就是一家专门生产中餐料理包的企业。在他们的官网上，合作伙伴不乏美团、上海迪士尼度假区、喜士多、东方航空等知名公司。</p><p style="text-align: center; margin-top: 23px;"><img src="http://www.canyin88.com/uploads/201218/1c0dcb585996e2a80b6d2ab66f59f3ec_2.png"></p><p label="图注" style="margin-top: 5px; text-align: center; font-size: 14px !important; color: rgb(127, 127, 127);">蒸烩煮部分合作伙伴&nbsp; 图片来源：公司官网</p><p style="text-align: left; margin-top: 23px;">随着需求增长，料理包生产企业也跟着水涨船高。据《新食材》杂志报道，2015年国内料理包行业进入飞速发展期，尤其是2015年以后迅速出现了众多小厂家；2016年~2017年，市场增量最为剧烈。</p><p style="text-align: left; margin-top: 23px;">今天，至于国内到底有多少家料理包工厂，没有权威数据。如果在企查查搜索经营范围里包含“料理包”的企业，结果会有730家企业。</p><p style="text-align: left; margin-top: 23px;">料理包行业的创业者乐町提到，国内小型料理包工厂年产值可上亿元，而几家行业龙头年营收超过10亿元，而蒸烩煮的年营收已经达17亿元，不过这个数字并未得到官方证实。</p><p style="text-align: left; margin-top: 23px;">目前，国内一些畜牧业的大公司也盯上了料理包的市场机会。</p><p style="text-align: left; margin-top: 23px;">以圣农发展（002299）为例，这是一家原本以肉鸡饲养、屠宰加工和销售为主业的上市公司，2018年底，他们进入了料理包市场，推出香菇滑鸡、川香辣鸡、三杯鸡、酸菜鸡杂、咖喱土豆鸡块等24款料理包产品。</p><p style="text-align: left; margin-top: 23px;">圣农当时表示，要把产能的60%转化成熟食。</p><p style="text-align: left; margin-top: 23px;">不仅如此，圣农还建立了中餐料理专用工厂，设计产能 3 万吨，主要产品为24 款料理包产品的中餐料理解决方案及团餐产品，除了在售产品，储备开发的产品多达 107 个。</p><p style="text-align: left; margin-top: 23px;">熟食+生食双曲线同步发展已经成为圣农的长期战略。截至今年三季度末，熟食板块收入已经占据其主营业务收入的32.08%，而今年前三季度公司营业收入达99.5亿元。</p><p style="text-align: left; margin-top: 23px;">根据新思界产业研究中心发布的《2020-2024 年中国料理包市场可行性研究报告》，参考带动料理包市场增长的外卖行业增速，预计未来我国料理包市场规模有望保持 10%以上增长。</p><h2 label="标题1" style="margin-top: 23px; border-left-color: rgb(255, 68, 68); border-left-width: 10px; border-left-style: solid; text-align: left; font-size: 18px; text-indent: 0.5em; line-height: 22px;" id="h2Index1">2 料理包为什么火了</h2><p style="text-align: left; margin-top: 23px;">料理包并非最近兴起的新鲜事物，它起源于日本，上世纪90年代开始进入中国大陆，并广泛应用在机场、车站、咖啡厅等场景，成为无明火化餐饮的主流。</p><p style="text-align: left; margin-top: 23px;">但是在大众餐饮消费领域，料理包却迟迟没有打开市场，直到最近五年才扭转了局面。</p><p style="text-align: lef'),
(4, '老牌烤肉权金城将推“一人烤”，“一人食”或成未来趋势', '2020-12-18', '老牌烤肉品牌权金城将推出主要面向年轻消费群体的“一人烤”，位于北京西单食宝街的“权金城一人烤”将在12月18日亮相。', '1608258961904198.jpg', '<p style="">老牌烤肉品牌权金城将推出主要面向年轻消费群体的“一人烤”，位于北京西单食宝街的“权金城一人烤”将在12月18日亮相。</p><p style="margin-top:23px;">业内认为，随着新生代人口红利叠加，“一人食”这样的小众餐厅在未来应该会有相当数量的粉丝。</p><h3 label="标题2" style="margin-top: 23px; text-align: left; font-size: 16px; font-weight: bold;" id="h3Index0">“权金城一人烤”面向年轻客群</h3><p style="margin-top:23px;">12月17日，新京报记者来到西单食宝街的“权金城一人烤”，长桌吧台设置了单人位小烤炉，同时也配置了一些双人位和四人桌，每个位子都配置了两种蘸汁和拌饭酱，烤炉的温度可以自己控制。套餐在58元至148元不等。“一人烤”也不同于传统的权金城，“一个人的独自享用””不合群烤肉店”的宣传语贴近年轻消费群体。</p><p style="margin-top: 23px; text-align: center;"><img src="http://www.canyin88.com/uploads/image/2020/12/18/1608258961904198.jpg" title="老牌烤肉权金城将推“一人烤”，“一人食”或成未来趋势" alt="老牌烤肉权金城将推“一人烤”，“一人食”或成未来趋势"></p><p style="margin-top:23px;">记者了解到，“权金城一人烤”西单食宝街首店主要面向西单的年轻客群以及周边写字楼的白领。“一人烤肉”的思路是来源于“一人火锅”，以及“一人食”的餐饮消费趋势。除食宝街首店外，“权金城一人烤”未来主要布局商圈、商业综合体，同时也会关注合适的社区门店。此外，“权金城一人烤”也将会尝试外卖及零售业务，将上线成品的外卖产品，还会通过小程序上线烤肉半成品产品。</p><h3 label="标题2" style="margin-top: 23px; text-align: left; font-size: 16px; font-weight: bold;" id="h3Index1">不能简单复制概念</h3><p style="margin-top:23px;">去年6月，“一人食”烤肉店在日本推出，曾经登上热搜。网友表示，“一人食”烤肉让“单独吃饭”这件事非但不觉得孤独，反而“安全感爆棚”“不用觉得尴尬”“开心死”。3个月后，北京也出现了名为“米粟米”的“一人食”烤肉店，目前该店在大众点评上的评分为4.88分。</p><p style="margin-top:23px;">虽然“一人食”可以让“一个人吃烤肉”成为现实，但也有网友认为，虽然复制了“一人食”的概念，但国内的“一人食”餐饮门店却没有将“一人食”的用餐环境做到极致。日本版的“一人食”每个席位完全独立，相对于半封闭的包厢，除了出入口，每个食客都拥有独立空间。每个席位还配有电源、WIFI、餐具盒，各种调味品也都一应俱全。据说，所有席位内的物品完全免费使用，且不限时间，想在里面待多久都可以。</p><p style="margin-top:23px;">新京报记者也注意到，“权金城一人烤”的单人座位依然是开放的，除了必备的烤肉酱料，也缺少其他的人性化设计。</p><p style="margin-top:23px;">当“空巢青年”的生活方式越来越相似，除了小家电、单身公寓等产业，“一人食”也逐渐进入餐饮经营者的视野。从产业端来说，虽然“一人食”是差异化的噱头，但是从消费端来说，也确实满足了消费者个性化的情感需求。随着新生代人口红利叠加，这一类的小众餐厅在未来应该会有相当数量的粉丝。</p><p style="margin-top:23px;">业内人士认为，权金城作为老牌烤肉品牌，虽然拥有较高知名度，但是也面临品牌老化、发展缓慢、客群流失等问题，这次推出“一人烤”是其探索新的市场空间、品牌年轻化的有益尝试。</p><p><br></p>'),
(5, '小吃产业的前世今生给我们的启示', '2020-12-21', '民以食为天，吃饭向来是大事，它犹如一面镜子，折射出的是社会生活精神面貌和经济发展变化的状况。小吃产业作为餐饮业最大的赛道，具有商户数量多、交易规模大、从业人员多、民生联系紧等特征，疫情期间表现出较强韧性，恢复情况好于餐饮业整体。“你今天吃小吃了吗？”', '66666.jpg', '<p style="text-align: left; ">民以食为天，吃饭向来是大事，它犹如一面镜子，折射出的是社会生活精神面貌和经济发展变化的状况。</p><p style="text-align: left; margin-top: 23px;">小吃产业作为餐饮业最大的赛道，具有商户数量多、交易规模大、从业人员多、民生联系紧等特征，疫情期间表现出较强韧性，恢复情况好于餐饮业整体。</p><p style="text-align: left; margin-top: 23px;">“你今天吃小吃了吗？” &nbsp;</p><p style="text-align: left; margin-top: 23px;">在新消费、地摊经济、夜经济等浪潮推动下，流动的街头小吃摊，正变身连锁、加盟式门店进驻商场“掘金”。</p><p style="text-align: left; margin-top: 23px;">臭豆腐、锅盔、烤冷面、螺蛳粉、鸭脖被包装成一个又一个网红小吃，文和友、阿甘锅盔作为网红小吃品牌已在全国开出千余家门店，曾经的小吃代表——黄焖鸡、沙县小吃、兰州拉面、麻辣烫，也开始走向连锁品牌化。</p><p style="text-align: left; margin-top: 23px;">调查研究发现，小吃受众日益年轻化，“90后”“95后”是重要消费群体；地域小吃特色鲜明，推动小吃多元融合发展；小吃品牌加速连锁化，鸡肉食材受到品牌商户的青睐；网红品牌不断涌现，网红小吃消费成为新时尚。</p><h2 label="标题1" style="margin-top: 23px; border-left-color: rgb(255, 68, 68); border-left-width: 10px; border-left-style: solid; text-align: left; font-size: 18px; text-indent: 0.5em; line-height: 22px;" id="h2Index0">01 民以食为天，小吃遍天下&nbsp; &nbsp;</h2><p style="text-align: left; margin-top: 23px;">小吃产业是我国餐饮业的主基调。</p><p style="text-align: left; margin-top: 23px;">据不完全统计，全国约有500万小吃商户，目前是餐饮业最大的品类赛道。</p><p style="text-align: left; margin-top: 23px;">一定意义上，小吃产业撑起了中国餐饮业的半边天，也成为餐饮业发展趋势和消费变革的晴雨表。</p><p style="text-align: left; margin-top: 23px;">而小吃店之所以受创业者欢迎主要有以下几个原因：</p><p style="text-align: left; margin-top: 23px;">小吃店市场大：小吃类，虽小却精，在现在，小吃种类繁多，而每一种都有其闪耀的特点。小吃生意的局限性小，作为专营小吃店，便宜、好吃、方便等，较其他餐饮品类来说具有相对的优势。广泛的小吃品类意味着拥有更为庞大的顾客群体。</p><p style="text-align: left; margin-top: 23px;">小吃店投资小：店铺小投入相对少，比起餐饮大点，在面积上面，小吃店在房租、水电煤气、人员工资的开销上相对较少，装修较简单，因此回本快，利润高，无太大投入风险，入门门槛低。</p><p style="text-align: left; margin-top: 23px;">不用请专业厨师：小吃店最核心的就是制作小吃技术，夫妻店也是小吃店常态，一个门类的小吃往往容易掌握，不需要厨师经营，店主即可作为厨师，而且由于小吃店食品种类集中，需要的人物力较少。</p><p style="text-align: left; margin-top: 23px;">小吃产业进入门槛低、店铺面积小、中小商户多、所需的资金少，是餐饮创业的热门选择，快餐简餐、面条、米粉、炸鸡炸串、麻辣烫、卤味鸭脖、包子等品类是餐饮人创业的首选。</p><p style="text-align: left; margin-top: 23px;">值得关注的是，虽然小吃赛道大，但商户数量多，竞争日趋激烈，产业更新迭代速度较快，因为入行门槛低也就意味中在同产品竞争中脱颖而出需要产品上的创新，管理上的系统化与及数字时代的营销化。</p><p style="text-align: center; margin-top: 23px;"><img src="http://www.canyin88.com/uploads/201221/46685f50f19e8a4837d4ce29087cdb67_5.jpg"></p><p label="图注" style="margin-top: 5px; text-align: center; font-size: 14px !important; color: rgb(127, 127, 127);">▲小吃订单量分类比</p><p style="text-align: left; margin-top: 23px;">2020年小吃产业订单量占比超过1%的细分品类共有17个，排名靠前的是快餐简餐、麻辣烫、面条、米粉、粥、包子、黄焖鸡、炸鸡炸串、米线、饺子。</p><p style="text-align: left; margin-top: 23px;">快餐简餐因其具有刚需、快速、方便、价格亲民、适应多种消费场景等特点，成为消费者的最爱。</p><p style="text-align: left; margin-top: 23px;">而上班族和学生党，与及越来越快速的工作节奏，更普遍的单身现象让人们更倾向于外出吃饭或者点外卖。</p><h2 label="标题1" style="margin-top: 23px; border-left-color: rgb(255, 68, 68); border-left-width: 10px; border-left-style: solid; text-align: left; font-size: 18px; text-indent: 0.5em; line-height: 22px;" id="h2Index1">02 小吃产业的地域分布及特色 &nbsp;<br></h2><p style="text-align: left; margin-top: 23px;">一方水土养一方人，中国广阔的地域空间和庞大的消费市场为小吃产业的发展提供了巨大的平台。</p><p style="text-align: left; margin-top: 23px;">北京烤鸭，四川火锅，武汉热干面，东北饺子，上海生煎，每个地域的地方特色都为小吃种类的丰富作出了贡献。</p><p style="text-align: left; margin-top: 23px;">随着城市化进程的加快，全国特大城市群逐步形成、旅游人数逐年增加、城市人口密度增加，这些因素都为小吃产业的发展提供了源源不断的动力。</p><p style="text-align: center; margin-top: 23px;"><img src="http://www.canyin88.com/uploads/201221/46685f50f19e8a4837d4ce29087cdb67_7.png"></p><p label="图注" style="margin-top: 5px; text-align: center; font-size: 14px !important; color: rgb(127, 127, 127);">▲城市小吃等级订单</p><h3 label="标题2" style="margin-top: 23px; text-align: left; font-size: 16px; font-weight: bold;" id="h3Index0">（一）一二线城市小吃规模大，四五线城市小吃增速快 &nbsp;</h3><p style="text-align: left; margin-top: 23px;">美团平台大数据显示，一线、新一线、二线城市的小吃订单规模大，订单量的占比分别为20.1%、27.6%和22.1%。</p><p style="text-align: left; margin-top: 23px;">随着下沉市场对小吃消费需求的增长，三线、四线、五线城市小吃需求增速较快，小吃订单量增速分别达到37.7%、43.5%和45.5%。</p><h3 label="标题2" style="margin-top: 23px; text-align: left; font-size: 16px; font-weight: bold;" id="h3Index1">（二）小吃商户多集中在人口大省或经济大省，广东、山东、江苏商户数最多 &nbsp;</h3><p style="text-align: left; margin-top: 23px;">小吃商户多集中在人口大省，全国小吃商户最多的省份是广东省、山东省和江苏省，其中广东省的小吃商户数在全国的占比为10.6%，同样为2019年人口第一大省；山东省小吃商户数在全国的占比为7.7%，是2019年人口第二大省；江苏省小吃商户数在全国的占比为7.4%，是2019年人口第五大省。</p><p style="text-align: left; margin-top: 23px;">从各城市小吃消费情况来看，广东省同样是小吃消费大省，位居全国小吃消费订单量榜首，在全国的占比为14.6%，远超其他省份，其中广州市和深圳市的消费贡献显著。</p><p style="text-align: left; margin-top: 23px;">江苏省、浙江省、北京市分别位列小吃订单量榜第二、三、四名，订单量占比分别为8.4%，6.6%和6.1%。西藏自治区、新疆维吾尔自治区、海南省、青海省等旅游人数较多，结伴消费较为普遍，客单价均处于较高水平。</p><h3 label="标题2" style="margin-top: 23px; text-align: left; font-size: 16px; font-weight: bold;" id="h3Index2">（三）地域小吃特色鲜明，推动小吃多元融合发展 &nbsp;</h3><p style="text-align: left; margin-top: 23px;">中国广阔的地域空间和庞大的消费市场为小吃产业的发展提供了巨大的平台，各色的风土人情也为小吃菜品注入了地域特色和文化底蕴，地方特色小吃既是当地人们最熟悉的味道，也是外地旅客乐于品尝的美食，成为地方经济发展的重要助力。</p><p style="text-align: left; margin-top: 23px;">快餐简餐、面条、麻辣烫、包子、粥是消费刚需，在各地的订单量排名靠前。除此之外，各省受欢迎的小吃品类同样展现出浓厚的地域文化色彩，如广东人偏爱米粉，天津人偏爱津味小吃和包子，四川人、重庆人喜爱川味小吃，福建人爱喝粥，陕西人爱吃陕西小吃等。</p><p style="text-align: left; margin-top: 23px;">去当地品尝当地正宗小吃并不稀奇。随着城镇化进程的加快、交通的便利、人员流通的普及，小吃的去地域化趋势日益显著，如沙县小吃，黄焖鸡，麻辣烫，鸭脖几乎火遍大江南北。</p><p style="text-align: left; margin-top: 23px;"'),
(6, '上海一奶茶店“雇人排队”，涉嫌“欺诈”已暂停营业被立案调查', '2020-12-2', '最近，上海一家“网红奶茶店”招募兼职、雇人排队的消息引发热议，与想像中不同，这家奶茶店排队充场最终收割的目标，不是为了收割消费者，而是为了收割加盟商，割创业者的韭菜。', '2222.jpg', '<p style="text-align: left; ">“可以免费喝奶茶，排队4个小时，发工资40元。”</p><p style="text-align: left; margin-top: 23px;">最近，上海一家“网红奶茶店”招募兼职、雇人排队的消息引发热议，与想像中不同，这家奶茶店排队充场最终收割的目标，不是为了收割消费者，而是为了收割加盟商，割创业者的韭菜。</p><p style="text-align: left; margin-top: 23px;">目前，该奶茶店已经暂停营业，黄浦区市场监督管理局已对当事人立案调查。</p><h2 label="标题1" style="margin-top: 23px; border-left-color: rgb(255, 68, 68); border-left-width: 10px; border-left-style: solid; text-align: left; font-size: 18px; text-indent: 0.5em; line-height: 22px;" id="h2Index0">1“网红”奶茶店雇人排队，4小时40元 &nbsp;</h2><p style="text-align: left; margin-top: 23px;">最近，上海人民广场地区有一家奶茶店，门口排起了长长的队伍。</p><p style="text-align: left; margin-top: 23px;">其实，不用说大家也都知道，这些排队的人很多都是托。今年11月下旬开始，一则名为“奶茶排队群演暖场”的兼职招聘，一直活跃在各大兼职群中，招聘信息中称，每天从11点30分至19点，需要100人排队买奶茶。</p><p style="text-align: center; margin-top: 23px;"><img src="http://www.canyin88.com/uploads/201221/4a22ea8735799ec0116c4d95adda6ee5_3.jpg"></p><p style="text-align: center; margin-top: 23px;"><img src="http://www.canyin88.com/uploads/201221/4a22ea8735799ec0116c4d95adda6ee5_4.jpg"></p><p style="text-align: left; margin-top: 23px;">记者联系上了一个微信名为“一切如风顺”的兼职群领队，并按他的要求在11月20日下午，前往人民广场地铁站1号口集中。</p><p style="text-align: left; margin-top: 23px;">记者发现，现场有五个领队负责组织排队，据称这是为了方便领队“抽成”。</p><p style="text-align: center; margin-top: 23px;"><img src="http://www.canyin88.com/uploads/201221/4a22ea8735799ec0116c4d95adda6ee5_5.jpg"></p><p label="图注" style="margin-top: 5px; text-align: center; font-size: 14px !important; color: rgb(127, 127, 127);">领队拿着纸和笔进行登记</p><p style="text-align: left; margin-top: 23px;">跟着领队，记者一路来到了人民广场香港名店街内的地下美食城。经过57分钟的等待后，领队终于在群中通知记者和另一位兼职者可以去“排队买奶茶”了。</p><p style="text-align: left; margin-top: 23px;">记者赶到时，奶茶店前并没有什么人。根据安排，记者最终在18元以下的奶茶中，选择了一杯“琥珀黄茶”。</p><p style="text-align: left; margin-top: 23px;">奶茶的味道尚且不论，记者发现，这家店似乎尚未做好开业迎宾的准备。菜单上琳琅满目，但许多茶饮都处于无法制作的状态。</p><p style="text-align: left; margin-top: 23px;">购买“琥珀黄茶”后，领队要求记者，在旁边的休息区坐满10分钟后再返回美食广场中。微信群中，每隔约15分钟，就有2个人被叫出去买奶茶。“茶芝兰”奶茶店门前，始终保持着不时有人买奶茶的状态。</p><p style="text-align: left; margin-top: 23px;">然而，这样稀稀疏疏的人流，明显达不到“网红店”客满盈门的效果。正当记者对商家雇人排队的用意感到疑惑时，领队突然在群中发出通知“所有人过来集合”。</p><p style="text-align: left; margin-top: 23px;">在领队的安排下，29名兼职者在“茶芝兰”门店前排起了长队。微信群中，领队反复叮咛“现在只排队，不下单”。</p><p style="text-align: center; margin-top: 23px;"><img src="http://www.canyin88.com/uploads/201221/4a22ea8735799ec0116c4d95adda6ee5_9.jpg"></p><p label="图注" style="margin-top: 5px; text-align: center; font-size: 14px !important; color: rgb(127, 127, 127);">29名兼职者在“茶芝兰”门店前排起长队</p><p style="text-align: left; margin-top: 23px;">显然，这是“群演”们当天最重要的一场“戏”，在持续摆拍了近30分钟后，领队们又集合兼职者们，拍了一张集体照，并“报销”了兼职者的奶茶钱。然后通过微信群，发放了当日“工资”，每人40元。</p><p style="text-align: center; margin-top: 23px;"><img src="http://www.canyin88.com/uploads/201221/4a22ea8735799ec0116c4d95adda6ee5_10.jpg"></p><p style="text-align: left; margin-top: 23px;">自11月20日记者加群起，截至12月11日，记者在兼职群中看到，时间、地点、人数要求近乎完全一样的人民广场附近“奶茶排队群演暖场”兼职，持续了至少21天，每天分为上下午两场。</p><p style="text-align: left; margin-top: 23px;">如果这些兼职都是为了排队服务，以每天实际到场60人计算，在不考虑领队抽成的前提下，雇佣者每天至少要为“群演”花费5千元左右。</p><h2 label="标题1" style="margin-top: 23px; border-left-color: rgb(255, 68, 68); border-left-width: 10px; border-left-style: solid; text-align: left; font-size: 18px; text-indent: 0.5em; line-height: 22px;" id="h2Index1">2 商家雇人排队只为吸引加盟商 &nbsp;</h2><p style="text-align: left; margin-top: 23px;">花那么多钱，都没达到网红的感觉，商家为何还要雇人呢？经过一番探究，记者发现商家这么做，竟是为了吸引加盟商。</p><p style="text-align: left; margin-top: 23px;">记者拨打了该奶茶店的加盟热线。很快，一名自称“娜娜”的“项目负责人”联系了记者。“娜娜”说，奶茶店的确正在招商，如今在上海市范围“下放”了7个“城市合伙人”名额，每个名额原价是25万元。如果记者能“抢”在前期付款，会获得一个5万块钱补贴，补贴完之后的价格，就是20万元加1万元保证金。</p><p style="text-align: left; margin-top: 23px;">对于门店的经营状况，“娜娜”说，人民广场店一天的营业数据都在13000到15000元；张江店每天的营业数据8000元至12000元。</p><p style="text-align: left; margin-top: 23px;">为了让记者放心投资，“娜娜”还给记者发来了，两段人民广场店的视频，视频中的画面分外眼熟。</p><p style="text-align: left; margin-top: 23px;">视频就是在记者曾暗访排队的那家门店前，大约30个人将奶茶店团团围住。排队者人流的分布，和“一切如风顺”当日指导的队形一模一样。为了进一步确认实际经营情况，记者向“娜娜”提出，能否到这3家门店转一转。没想到，前面还声称所有门店日营业数据在1万元左右的“娜娜”迅速改口了。</p><p style="text-align: left; margin-top: 23px;">她强烈建议，去人民广场店转转就可以了，“另外两家店现在还没有筹备完善，暂时还看不出来啥，没有正式运营”。</p><p style="text-align: center; margin-top: 23px;"><img src="http://www.canyin88.com/uploads/201221/4a22ea8735799ec0116c4d95adda6ee5_15.jpg"></p><p style="text-align: left; margin-top: 23px;">11月24日，记者避开“暖场”时间，再次探访了香港名店街内的“茶芝兰”店。结果，记者发现，店面依然空空荡荡，店内能够提供的依然只有为数不多的几种奶茶饮品，菜单上的大部分饮品，都无法制作。</p><p style="text-align: left; margin-top: 23px;">得知记者想要加盟该奶茶店，附近的商家均连声阻止。附近一家奶茶店的老板表示，该奶茶店一天不可能有上万元的营业额。</p><p style="text-align: left; margin-top: 23px;">而另一家经营服装生意的商家告诉记者，商场周一到周五都没什么人流，周六、周日人多一些。他们每天都会突然那么多人出来排队，有的人一天还会看到好几次，比较离谱。</p><h2 label="标题1" style="margin-top: 23px; border-left-color: rgb(255, 68, 68); border-left-width: 10px; border-left-style: solid; text-align: left; font-size: 18px; text-indent: 0.5em; line-height: 22px;" id="h2Index2">3 涉事奶茶店已暂停营业，被立案调查 &nbsp; &nbsp;</h2><p style="text-align: left; margin-top: 23px;">“茶芝兰” 人民广场店雇佣兼职人员排队一事一经报道刊出后，引发了舆论的广泛关注。</p><p style="text-align: left; margin-top: 23px;">16日，记者再次回访“茶芝兰” 人民广场店。昔日里'),
(7, '米其林、老字号加身，萃华楼如何变身“网红餐厅”？', '2020-12-21', '当长叹人心不古食材无味的老客，和更愿意追逐各式榜单的新人同聚萃華楼，你会发现原来美食从来不是少数人才能享受到的权力。', '555555.png', '<p style="text-align: left; ">当长叹人心不古食材无味的老客，和更愿意追逐各式榜单的新人同聚萃華楼，你会发现原来美食从来不是少数人才能享受到的权力。</p><p style="text-align: center; margin-top: 23px;"><img src="http://www.canyin88.com/uploads/201221/a55aad7b174a75e0bc5ab17d82307570_2.png" style="text-align: center; white-space: normal;"></p><p style="text-align: left; margin-top: 23px;">“你先坐着，我大概还有一个镜头。”</p><p style="text-align: left; margin-top: 23px;">“去厨房搭个景，我一会儿直接过去补一个（镜头）就结束了。”</p><p style="text-align: left; margin-top: 23px;">面前的人一边张罗接下来的采访，一边还要顾着餐厅的广告拍摄。这个嘴里总挂着话，似乎总也忙不停的人，是萃華楼的总经理王培欣。</p><p style="text-align: left; margin-top: 23px;">萃華楼成立于1940年，是名副其实的京城“老字号”。但因为体制裹挟，这家老饭馆一度在历史的坐标轴上走走停停。</p><p style="text-align: left; margin-top: 23px;">直到2018年，经历数次停业的萃華楼才迎来了王培欣，并在他的带领下成为了连获两届“米其林一星”荣誉的网红餐厅。</p><p style="text-align: left; margin-top: 23px;">“老字号+米其林”，这是京城里的独一份儿。</p><p style="text-align: left; margin-top: 23px;">在位于崇文门的萃華楼新世界百货店里，观潮新消费同王培欣一道聊老字号、聊米其林，也聊王培欣这位餐饮从业已经30年的新任主理人。</p><h2 label="标题1" style="margin-top: 23px; border-left-color: rgb(255, 68, 68); border-left-width: 10px; border-left-style: solid; text-align: left; font-size: 18px; text-indent: 0.5em; line-height: 22px;" id="h2Index0">01 老字号新事 &nbsp;</h2><p style="text-align: left; margin-top: 23px;">说起老字号餐厅，免不了要想到国企食堂的威仪陈腐，但王培欣执掌下的萃華楼全然没有“北京八大楼之首”的厚重。</p><p style="text-align: left; margin-top: 23px;">萃華楼的装修不似北方餐厅常见的开放格局，而是王培欣个人喜欢的南派风格——回廊卡座，休闲隐私。连桌椅都精心挑了红木花梨这样的好材料，一个600平的店面愣是用掉了700多万的装修费。</p><p style="text-align: left; margin-top: 23px;">果然，往来其间的客人个个轻声慢步。王培欣说，这便是“环境塑造人”。</p><p style="text-align: left; margin-top: 23px;">菜品更是讲究。</p><p style="text-align: left; margin-top: 23px;">老饭馆评菜看“色香味皿”，到了王培欣这里就变成了“色形皿味”。顾名思义，一道菜上来先观色彩明丽，二看形状精雅，三判器皿质感，最后才轮到舌尖赏味。</p><p style="text-align: left; margin-top: 23px;">正所谓从感官顺序推演的过程才称得上机巧。如果看起来不怎么样，到吃的时候才挤出来一句“味儿还行”，那终究是差了点意思。</p><p style="text-align: left; margin-top: 23px;">真到了味道这一步更是不含糊。学贯粤、鲁两大菜系加上将近30年的厨艺经验，让王培欣深谙融合创新之道。一言以蔽之，“新感觉，老味道”。</p><p style="text-align: left; margin-top: 23px;">比如店里的一道招牌菜“芙蓉鸡片”，鸡片薄如纸，算得上是开创性的“中餐分子料理”。</p><p style="text-align: left; margin-top: 23px;">但菜里用到的“吊清汤”，又是地道的传统技法。“之前的汤吊完以后很白，但我们利用鸡肉营养含量的一个特点，能把鸡肉的白汤变清亮。像是融合了古法的分子料理。”</p><p style="text-align: left; margin-top: 23px;">从环境到菜色的精益求精，这体现出萃華楼重启后的定位：一家“网红”餐厅。</p><p style="text-align: left; margin-top: 23px;">“我们都说现在人吃饭不是用嘴吃，而是‘手机先吃’。你的菜品装饰漂亮，客人就会主动发朋友圈，这样他的朋友也会来。这个广告的裂变效应比任何形式都要更好。”</p><p style="text-align: left; margin-top: 23px;">但这并不意味着萃華楼在有意“抛弃”老客。相反，萃華楼有足够的能力成为一家有国民度的“百姓餐厅”。</p><p style="text-align: left; margin-top: 23px;">“年轻人来了我们主推时尚好看的菜肴，比如我们的七味盐黄金小豆腐、沙姜鸡和烤花卷。如果是老客，我们会着重介绍经典招牌，干炸丸子、芙蓉鸡片、九转大肠、酱爆桃仁鸡丁、爆三样等等”。</p><p style="text-align: left; margin-top: 23px;">这才是真正的“见人下菜碟”。</p><p style="text-align: left; margin-top: 23px;">至于贯穿就餐全程的服务细节，王培欣则主张不设刻板流程。变通的、让所有人都喜欢的家庭式服务，才是萃華楼的标准。</p><p style="text-align: left; margin-top: 23px;">“不管什么年龄段的客人来，我们总是很亲热，让大家感觉没有负担，到了这里就和到了自己家一样。”</p><p style="text-align: left; margin-top: 23px;">侍者和食客彼此熟络，在这里吃饭才会成为习惯。</p><p style="text-align: left; margin-top: 23px;">如果说萃華楼在迎合，与其说是在迎合某个年龄层，不如说是在迎合瞬息万变的时代。这个时代的餐食基调是健康养生的“降油、降盐、降糖”，而饮食的气节则是匠心传承中的多元进取，推陈出新里的兼收并蓄。</p><p style="text-align: left; margin-top: 23px;">“为什么我们要在萃華楼后面加上了‘小菜馆’三个字，就是不想端着老字号的架子做正统大菜，同时这也意味着我们没有就餐门槛，让9岁到90岁的客人都能喜欢我们”。</p><p style="text-align: left; margin-top: 23px;">当长叹人心不古食材无味、到底舍不下心中滋味的老客，和更愿意追逐各式榜单、徜徉在美食大观里的新人同聚于此，你会发现原来美食从来不是少数人才能享受到的权力。</p><p style="text-align: left; margin-top: 23px;">美食应当是迎来送往的欢愉，是过日子的坦荡。</p><h2 label="标题1" style="margin-top: 23px; border-left-color: rgb(255, 68, 68); border-left-width: 10px; border-left-style: solid; text-align: left; font-size: 18px; text-indent: 0.5em; line-height: 22px;" id="h2Index1">02 入选米其林 &nbsp;</h2><p style="text-align: left; margin-top: 23px;">开张的前几个月就顾客盈门，重启的萃華楼一切都很顺利。就在运营一年后的2019年，“米其林”上门了。</p><p style="text-align: left; margin-top: 23px;">“米其林发布的时候我们确实不知道，都在上班呢，还是别人发来告诉我得了米其林”。</p><p style="text-align: left; margin-top: 23px;">王培欣说得云淡风轻，但字里行间还是难掩喜悦。最明显的，萃華楼是米其林北京榜单中唯一一家老字号。</p><p style="text-align: left; margin-top: 23px;">来自法国的米其林在国内餐饮界一向水土不服，尤其是在北京这样一个美食自有渊源和线索的伟大城市。放眼米其林餐单，能体现京城文化的餐厅的确稀缺。</p><p style="text-align: left; margin-top: 23px;">“据我所知，米其林的评审团队中大陆人并不多，多数中国评委来自香港，在口味上更偏好清淡养生。这也是为什么北京米其林餐单里多为南方菜和素食”。</p><p style="text-align: left; margin-top: 23px;">餐饮界当然渴望一份声势浩大的国际餐饮标准上能刻下属于北京的味觉审美和城市肌理，于是，传承京鲁菜的老字号萃華楼得以在一片口诛笔伐中独善其身。</p><p style="text-align: left; margin-top: 23px;">除了适格的身份，另一个值得一提的点在于，萃華楼是北京米其林一星餐标里客单价最低的餐厅。</p><p style="text-align: left; margin-top: 23px;">在米其林的评选标准里，出品、环境、服务的规格自不用多说，此外还有餐厅面积和人均消费的硬性要求。按照当前的形势，米其林二星餐厅的人均消费已经升至800-1000元，如果是三星，人均至少要在2000元以上。</p><p style="text-align: left; margin-top: 23px;">仅从餐标来看，米其林一定程度上是一套比谁贵重的餐饮标准，这也是为什么大众一想到米其林，就免不了要浮现出高门深院的富丽堂皇。大概任谁也想不到，米其林还能是寻常商超里的一家亲民小馆儿。</p><p style="text-align: left; margin-top: 23px;">“我们现在就是人均150元，全北京米其林里唯一一家人均这么少的（餐厅）”。</p><p style="text-align: left; margin-top: 23px;">在王培欣眼里，连续两年入选米其林的萃華楼始终是一桩老百姓的生意，直到今年再次入选米其林，萃華楼也依旧不会涨价。</p><p style="text-align: left; margin-top: 23px;">光环之下，萃華楼只会以更高的标准去填满每个食客的期待。</p><p style="text-align: left; margin-top: 23px;">按照王培欣的规划，萃華楼每3个月就会推出'),
(8, '深圳排队王、2年必吃榜，它靠一道豉油鸡冲出烧腊的大赛道！', '2020-12-18', '烧腊虽在粤菜占据了重要的一席，但这些年的发展一直不温不火。不过，近期红餐网却惊讶地发现，有这么一个品牌，竟然借助一道简单的豉油鸡，2年时间开出了15家店，单店年收入高达2300万元！', '444444.png', '<p style=""><span style="color: rgb(23, 54, 93); font-size: 18px;">烧腊虽在粤菜占据了重要的一席，但这些年的发展一直不温不火。<br></span></p><p style="margin-top:23px;"><span style="color: rgb(23, 54, 93); font-size: 18px;">不过，近期红餐网却惊讶地发现，有这么一个品牌，竟然借助一道简单的豉油鸡，2年时间开出了15家店，单店年收入高达2300万元！</span></p><p style="margin-top:23px;text-align:center"><img src="http://www.canyin88.com/uploads/201218/4dcda042637094391fd8c46683634ceb_0.png"></p><p style="margin-top:23px;">深圳餐饮再现“排队王”！</p><p style="margin-top:23px;">上周某个工作日的中午，红餐网记者和一位朋友在深圳科兴科学院附近吃午饭时，被一家生意火爆，名叫“金戈戈香港豉油鸡”的烧腊店吸引了。</p><p style="margin-top:23px;">彼时，这家大约只有70㎡的烧腊店门口人头攒动，店内已经坐满了顾客，大批年轻人拿着号在排队。</p><p style="margin-top:23px;text-align:center"><img src="http://www.canyin88.com/uploads/201218/4dcda042637094391fd8c46683634ceb_1.jpg"></p><p style="margin-top:23px;">该店一服务员告诉记者，其实不止科兴店，金戈戈在深圳的其它门店都这么火爆。</p><p style="margin-top:23px;">随后，红餐网梳理发现，2018年10月初，金戈戈在深圳海岸城开出了第一家门店亮相，凭借着高质量产品+高颜值形象，迅速成为消费者新宠。该店落址短短8个月，便获得了大众点评深圳必吃榜荣誉奖项，并且在2019年、2020年连续两年蝉联大众点评深圳必吃榜榜单，是全国必吃榜唯一上榜豉油鸡连锁品牌。</p><p style="margin-top:23px;">此外，金戈戈的年坪效、翻台率、营业额等成绩也令人吃惊。</p><p style="margin-top:23px;">据了解，金戈戈的门店大都在70-170平米之间，门店年坪效能达9-10万元，绝大多数门店的年收入都在1300万左右，标杆店年收入可高达2300万。</p><p style="margin-top:23px;text-align:center"><img src="http://www.canyin88.com/uploads/201218/4dcda042637094391fd8c46683634ceb_2.jpg"></p><p style="margin-top:23px;">这到底是一个怎样的品牌？为何能取得这样耀眼的成绩？为此，红餐网专程和金戈戈创始人姚旻汐聊了聊。</p><h2 label="标题1" style="margin-top: 23px; border-left-color: rgb(255, 68, 68); border-left-width: 10px; border-left-style: solid; text-align: left; font-size: 18px; text-indent: 0.5em; line-height: 22px;" id="h2Index0"><strong>1&nbsp;</strong><strong>金戈戈爆火背后， </strong><strong>是籍籍无名的烧腊市场</strong></h2><p style="margin-top:23px;">“大赛道才能诞生大玩家，粤菜是一个通行全球的品类，本身就有巨大的市场空间，而烧腊又是其中最有亮点的细分类别之一。”对于品类筛选的逻辑，金戈戈创始人姚旻汐这样解释。</p><p style="margin-top:23px;">过去，粤菜以昂贵的食材、精细的做工和摆盘，被称作全国高档餐饮之首，一直备受海内外消费者欢迎。而烧腊更是粤菜品类中不可或缺的一部分。</p><p style="margin-top:23px;">在广东乃至全国粤菜馆，烧腊都是必不可少的标配之一。无论街边小店、菜市场的斩料档、茶餐厅、高端粤菜酒楼，都能看到烧腊的身影。为此，有人曾用“独占粤菜半边天”7个字来形容烧腊品类在粤菜市场的地位。</p><p style="margin-top:23px;text-align:center"><img src="http://www.canyin88.com/uploads/201218/4dcda042637094391fd8c46683634ceb_3.png"></p><p style="margin-top:23px;">然而，这么一个有群众基础，市场地位颇高的细分品类，这么多年来却一直没有诞生出较有影响力的品牌。</p><p style="margin-top:23px;">企查查数据显示，截止2020年上半年，我国在业、存续的烧腊门店数量为2.5万家，但其中99.5%都是个体工商户，包括小门店、夫妻档等。</p><p style="margin-top:23px;">在消费升级的浪潮下，这些门店已经无法满足当下年轻消费者的需求。要做好烧腊市场，必须重新出发，从夫妻小店思维以及老品牌的固守思维里跳出来，做一个新餐饮品牌。</p><p style="margin-top:23px;">姚旻汐看到了这一点，在白切鸡、烧鸭、烧鹅等众多细分品类中，最终锁定了豉油鸡作为主打，创办了金戈戈。其之所以选择了豉油鸡，有以下两部分主要原因：</p><p style="margin-top:23px;text-align:center"><img src="http://www.canyin88.com/uploads/201218/4dcda042637094391fd8c46683634ceb_4.png"></p><p style="margin-top:23px;"><strong>第一，鸡的供应链成熟，且食材的普适性相对较高。 </strong></p><p style="margin-top:23px;">在洋快餐麦当劳、肯德基的影响之下，鸡肉的供应链已经非常成熟，且已经在全球跑通。</p><p style="margin-top:23px;">而且相比鸭、鹅等食材，鸡的普适性更高。</p><p style="margin-top:23px;"><strong>第二，基于豉油鸡的产品特色。 </strong></p><p style="margin-top:23px;">豉油鸡，背后的灵魂不是鸡，而是酱油。而中国作为酱油的故乡，中国人最早期食用酱油是在3000多年前，因此中国是有独特的酱油文化底色的，是可以通行大江南北的。</p><p style="margin-top:23px;">所以，作为一个可以通行中国南北的传统调味料，酱油也会在一定程度上使得豉油鸡单品，不仅仅是在其发源地广东地区或者华南地区，即使去到北方，也不用花大力气去做市场培育，就能很好达到自我认知和自我传播的作用。</p><p style="margin-top:23px;text-align:center"><img src="http://www.canyin88.com/uploads/201218/4dcda042637094391fd8c46683634ceb_5.png"></p><h2 label="标题1" style="margin-top: 23px; border-left-color: rgb(255, 68, 68); border-left-width: 10px; border-left-style: solid; text-align: left; font-size: 18px; text-indent: 0.5em; line-height: 22px;" id="h2Index1"><strong>2&nbsp;</strong><strong>2年开店15家， </strong><strong>金戈戈火爆的4大关键</strong></h2><p style="margin-top:23px;">在12月初举办的中国首届餐饮品牌节上，一位业内人士就品牌如何在品类细分赛道上寻找新商机一问题，公开阐述过这样一个观点，“细分不代表就等于成功，重要的是后面怎么围绕你的定位去构建商业模型。”</p><p style="margin-top:23px;">在红餐网（ID：hongcan18)看来，金戈戈之所以能在借助一只豉油鸡，短短两年在深圳、厦门、珠海、惠州开出15家门店，从烧腊赛道中率先突出重围，同样离不开其创新的商业模式。</p><p style="margin-top:23px;"></p><ul class="list-paddingleft-2" style="list-style-type: square;"><li><p style="margin-top:23px;"><strong>首先，实现了产品制作标准化，打破了传统手工技艺的瓶颈； </strong></p></li></ul><p></p><p style="margin-top:23px;">传统的烧腊制作工艺相对复杂，导致不同师傅制作的产品风味不一，口味难控。为了解决这一问题，金戈戈通过聘请具有30年以上粤菜经验的老师傅，对其专业手艺进行一一解构，让每一个步骤和工序都得到详细分解。</p><p style="margin-top:23px;">比如制作豉油鸡的第一步是汆水，先用80度的热水清洗鸡身，让鸡的皮肤得以充分放松；第二步是豉油浸泡，将独家的特有配方头抽反复淋在鸡上，通过35分钟的浸泡，让豉油渗透到每一个毛孔中；最后再将整只鸡斩件分装，斩的部位、厚薄都颇有讲究，鸡肉厚薄度为一指宽，确保产品的最佳口感。</p><p style="margin-top:23px;text-align:center"><img src="http://www.canyin88.com/uploads/201218/4dcda042637094391fd8c46683634ceb_6.jpg"></p><p style="margin-top:23px;">此外，为了确保供应的稳定性，金戈戈对于原材料的筛选也颇为考究，每一道食材都有自己的身份证，做到了可追根溯源。</p><p style="margin-top:23px;">比如，用以制作豉油鸡的原鸡，只采用广交会金奖，在山林放养180天，自然成长到4斤左右肉质最好的走地鸡，当天新鲜到店，现烧现砍，45分钟即敲钟出炉；</p><p style="margin-top:23px;">豉油，则选用非物质文化遗产头道手工酱油，通过独家配比酿制，古法工艺晒制而成；黑金叉烧采用的则是伊比利亚黑金猪，用150°C烘烤1小时制作而成……</p><p style="margin-top:23px;text-align:center"><img src="http://www.canyin88.com/uploads/201218/4dcda042637094391fd8c46683634ceb_7.png"></p><p style="margin-top:23px;">据透露，目前金戈戈已经通过较高的标准化程度及完善的供应链，解决了大部分基础产品'),
(9, '国潮茶饮投资热：近十年茶饮品牌融资近30亿，奈雪の茶总金额最高', '2020-12-18', '“饭可以少吃，钱可以少花，奶茶不能不点”、“没有什么是一杯奶茶解决不了的，如果有，那就两杯”、“打工人的一天，急需奶茶续命”……近年来，奶茶已逐渐成为年轻一族生活中必不可少的饮品，各具特色的茶饮品牌层出不穷，吸引着消费者趋之若鹜的同时，也大受资本市场的垂青。', '1608276623683251.jpg', '<p style="text-align: left; ">“饭可以少吃，钱可以少花，奶茶不能不点”、“没有什么是一杯奶茶解决不了的，如果有，那就两杯”、“打工人的一天，急需奶茶续命”……近年来，奶茶已逐渐成为年轻一族生活中必不可少的饮品，各具特色的茶饮品牌层出不穷，吸引着消费者趋之若鹜的同时，也大受资本市场的垂青。</p><p style="text-align: center; margin-top: 23px;"><img src="http://www.canyin88.com/uploads/image/2020/12/18/1608276623683251.jpg" title="国潮茶饮投资热：近十年茶饮品牌融资近30亿，奈雪の茶总金额最高" alt="国潮茶饮投资热：近十年茶饮品牌融资近30亿，奈雪の茶总金额最高"></p><p style="text-align: left; margin-top: 23px;">日前，企查查推出《近十年茶饮品牌投融资数据报告》，解读近十年茶饮市场的投融资情况，以及知名头部品牌在投融资方面的排名。</p><h2 label="标题1" style="margin-top: 23px; border-left-color: rgb(255, 68, 68); border-left-width: 10px; border-left-style: solid; text-align: left; font-size: 18px; text-indent: 0.5em; line-height: 22px;" id="h2Index0">近十年我国披露融资金额近30亿元</h2><p style="text-align: left; margin-top: 23px;">近十年来，我国奶茶行业实现了爆发式增长。企查查的数据显示，截至2020年12月中旬，我国在业/存续的奶茶相关企业（包含个体户）共有30.63万家。从近十年注册量变化趋势来看，2010年奶茶相关企业注册量仅7410家，2013年突破1万家，2017年突破5万家，2019年增至8.8万家，2020年1-11月新增注册量8.79万家。</p><p style="text-align: left; margin-top: 23px;">总体来看，近十年茶饮品牌投融资事件共70起，披露的投融资总金额近30亿元。</p><p style="text-align: left; margin-top: 23px;">投融资数量方面，企查查数据显示，2016年之后，茶饮品牌投融资活动开始频繁。2016年茶饮品牌投融资事件10起，2017年增至15起，2018年16起，2019年共10起，2020年（截至12月15日）达到11起。</p><p style="text-align: left; margin-top: 23px;">而在投融资金额方面，有趣的是，近十年数据曲线跌宕起伏，2015年、2018年、2020年处于峰值，其余年份处于峰谷，其中2018年达到7.55亿元人民币。</p><p style="text-align: center; margin-top: 23px;"><img src="http://www.canyin88.com/uploads/201218/810dbe03f5bc7ca6cca96a7ebc470bb3_1.png"></p><h2 label="标题1" style="margin-top: 23px; border-left-color: rgb(255, 68, 68); border-left-width: 10px; border-left-style: solid; text-align: left; font-size: 18px; text-indent: 0.5em; line-height: 22px;" id="h2Index1">2020年融资事件11起，总披露金额超10亿元</h2><p style="text-align: left; margin-top: 23px;">也许是“口味效应”使然，今年茶饮行业的融资金额相比往年大幅攀升。企查查数据显示，2020年茶饮品牌共发生融资事件11起，与去年基本持平，不过披露金额达到10.4亿元，同比大涨378.6%。</p><p style="text-align: left; margin-top: 23px;">具体来看，沪上阿姨、7分甜、乐乐茶、奈雪の茶、喜茶等耳熟能详的奶茶品牌均在今年获得融资。其中，奈雪の茶拿到深创投的近亿美元融资最为可观，融资轮次也已进入B轮。此外，斟茶记、提百万等主打国潮茶饮的品牌备受投资者青睐，随着Z世代年轻消费者的崛起，主打国风的产品一路走红，奶茶作为典型的网红产品，自然也不例外。</p><p style="text-align: center; margin-top: 23px;"><img src="http://www.canyin88.com/uploads/201218/810dbe03f5bc7ca6cca96a7ebc470bb3_3.png"></p><h2 label="标题1" style="margin-top: 23px; border-left-color: rgb(255, 68, 68); border-left-width: 10px; border-left-style: solid; text-align: left; font-size: 18px; text-indent: 0.5em; line-height: 22px;" id="h2Index2">融资次数TOP10：喜茶“仅”位居第二</h2><p style="text-align: left; margin-top: 23px;">从茶饮品牌的累计融资次数来看，企查查数据显示，“茶里ChaLi”以6起融资位列第一，喜茶以4起融资位列第二。此外，Teasoon、奈雪の茶、老虎山黑糖专卖、福仁缘均有3起融资。</p><p style="text-align: center; margin-top: 23px;"><img src="http://www.canyin88.com/uploads/201218/810dbe03f5bc7ca6cca96a7ebc470bb3_5.png"></p><h2 label="标题1" style="margin-top: 23px; border-left-color: rgb(255, 68, 68); border-left-width: 10px; border-left-style: solid; text-align: left; font-size: 18px; text-indent: 0.5em; line-height: 22px;" id="h2Index3">融资金额TOP10：奈雪の茶摘得魁首</h2><p style="text-align: left; margin-top: 23px;">从茶饮品牌的融资总金额来看，企查查数据显示，“奈雪の茶”以8.6亿元摘得魁首，“inWE因味茶”、喜茶各以5亿元位居二三位。值得一提的是，“inWE因味茶”创立初期曾获刘强东5亿投资，并由“奶茶妹妹”章泽天任形象代言人。</p><p style="text-align: center; margin-top: 23px;"><img src="http://www.canyin88.com/uploads/201218/810dbe03f5bc7ca6cca96a7ebc470bb3_7.png"></p><p style="text-align: left; margin-top: 23px;">根据中商情报网的资讯信息，中国奶茶行业经历了冲粉奶茶（2000-2003）、桶装奶茶（2004-2006）、手摇茶（2007-2009）和现萃茶（2010至今）四个阶段的演变，奶茶用料越来越高端，价格也不断高涨，网红新式茶饮的单价大多在20-35元/杯。</p><p style="text-align: left; margin-top: 23px;">企查查数据显示，从近十年茶饮品牌的融资趋势来看，早年主打鲜榨、手工冲泡的品牌容易拿到融资，后来随着喜茶等品牌的的崛起，主打年轻人的中高端茶饮品牌遍地开花。而近年来，主打健康、高端、商务等各种细分市场的茶饮品牌受到投资者的偏爱，主打黑糖饮品、芒果饮品、车厘子饮品等原料细分的茶饮品牌开始进入市场。</p>'),
(10, '被罚1500万！一年内持续走私冻肉且还有来自疫区的冻品…………', '2020-12-18', '12月17日，挪威欧善公司对外发出公告，公司英文名称自2021年1月1日起正式变更，公司注册登记号码、账号没有变更。近年来，海南省市场监管部门联合公安部门严厉打击走私冻肉等经营未经检验检疫肉类食品违法行为。开展了一系列的打击违法行为专项整治行动。', '1608255888755485.jpg', '<p style=" text-align: left;">12月17日，挪威欧善公司对外发出公告，公司英文名称自2021年1月1日起正式变更，公司注册登记号码、账号没有变更。<br></p><p style="margin-top:23px;">近年来，海南省市场监管部门联合公安部门严厉打击走私冻肉等经营未经检验检疫肉类食品违法行为。开展了一系列的打击违法行为专项整治行动。</p><p style="margin-top:23px;">近日，乐东市场监督管理局公布了四宗经营未经检验检疫肉类食品的处罚案件，销售未经检验检疫的肉类冷冻食品的不法商家分别被予以吊证、30倍顶格处罚，5名涉事人员被予以禁业处理。</p><p style="margin-top:23px;">记者了解到，四宗处罚案件均来源于海南省警方破获“8·23”销售不合格冻品犯罪团伙案，涉案冷冻肉类食品来源于“8·23”专案犯罪团伙所销售的不合格冻品。在公布的案例中，乐东乐城亮发冷冻批发店被处罚1500万余元。</p><p style="margin-top:23px;"><strong>曾因经营标签不合格的食品被处罚</strong></p><p style="margin-top:23px;"><strong>现因经营未经检疫走私冻肉被罚200万余元</strong></p><p style="margin-top:23px;">今年9月13日，乐东市场监督管理局接到海南省市场监餐管理局移送线索材料，材料显示，方某武于2019年1月17日至2019年7月9日购进未经检验检疫的P31猪肚。牛腩、3243鸡爪和法国猪脚等肉类食品共计4710千克。9月14日，执法人员对方某武经营场所进行检查，现场检查未发现上述食品和相关的销售票据。</p><p style="margin-top:23px;">经调查，执法人员了解到，方某武于2019年1月17日至2019年7月9日购进的P31猪肚，牛腩和3243鸡爪共3种肉类食品，为未经检验检疫的肉类食品，其中牛腩来自疫区，属于国家为防控疾病等特殊需要明令禁止生产经营的食品。方某武购进上述3种未经检验检疫的肉类冷冻食品92件，总重1970千克，货值金额为67929元，其中来自疫区的牛腩62件，总重1550千克，货值金额为56254元，并已全部销售。</p><p style="margin-top:23px;">乐东市场监督管理局介绍，方某武曾于2017年12月5日因经营标签不符合规定的食品，被原乐东黎族自治县食品药品监督管理局处罚5000元，并没收标签不合格的产品。</p><p style="margin-top: 23px; text-align: center;"><img src="http://www.canyin88.com/uploads/image/2020/12/18/1608255888755485.jpg" title="被罚1500万！一年内持续走私冻肉且还有来自疫区的冻品…………" alt="被罚1500万！一年内持续走私冻肉且还有来自疫区的冻品…………"></p><p style="margin-top:23px;">上述牛腩和P31猪肚无中文标签，容易分辨为包装不合格的产品，方某武明知我国禁止销售包装不合格的产品，但为了追求利益，于2019年1月17日至2019年7月9日间持续多次购进并销售包装不合格的肉类食品，这些肉类食品经查未经检验检疫，其中牛腩来自疫区，足以造成严重食物中毒事故或其他严重食源性疾病。本案货值金额大，持续时间长。依据《食品药品监管总局 公安部印发关于加大食品药品安全执法力度严格落实食品药品违法行为处罚到人的规定的通知》(食药监法（2018) 12号）、《海南省食品安全委员会办公室关于支持“115专案执法行为”的函》等相关要求规定，方某武的违法行为符合“情节严重”的情形，依法从重处罚。</p><p style="margin-top:23px;">12月8日，乐东市场监管局依法对方某武处违法经营食品货值金额67929元30倍的罚款2037870元；自处罚决定作出之日起，方某武五年内不得申请食品生产经营许可，或者从事食品生产经营管理工作、担任食品生产经营企业食品安全管理人员。</p><p style="margin-top:23px;"><strong>经营未检疫且疫区的牛腩</strong></p><p style="margin-top:23px;"><strong>却声称“不知道” 店方</strong></p><p style="margin-top:23px;"><strong>被吊证、禁业、罚款160多万元</strong></p><p style="margin-top:23px;">今年7月17日，乐东市场监督管理局执法人员根据乐东人民检察院移交的关于乐东黄流兴孝百货店沙嫌经营未经检验检疫的肉类食品的相关线索及材料，对乐东黄流兴孝百货店进行现场检查。经初步审查，该店违反了《食品安全法》的相关规定，遂进行立案调查。</p><p style="margin-top:23px;">经调查，乐东黄流兴孝百货店于2019年2月2日至2019年8月19日，从海南圣盛食品贸易有限公司购进P31肚（猪肚）、阿兰娜（牛腩）、2227小用（鸡翅）等3种冷冻内类食品，经认定为未经检验检疫肉类食品，其中阿兰娜（牛腩）是来自疫区的食品，所购进P31猪肚70件，共计货值金额24040元：购进阿兰娜（牛腩）21件，共计货值金额18990元；购进2227小鸡翅31件，共计货值金额11736元。该店经营上述未经检验检疫的3种冷冻肉类食品货值金额总计为54766元。</p><p style="margin-top:23px;">据该店法定代表人陈某孝供述，上述食品以每件比进货价高出10元的价格进行销售，其主观上并不知道自己销售的是不符合食品安全标准肉类食品。</p><p style="margin-top:23px;">乐东市场监督管理局介绍，乐东黄流兴孝百货店于2014年9月12日曾因销售标签标识不符合规定的产品，被原乐东食品药品监督管理局处罚。而陈某孝所称“不知道、无主观故意”的理由不成立。现乐东黄流兴孝百货店既有进货未索证索票未查验相关证明文件的违法行为，且经营的冷冻肉类食品未经检验检疫，且牛腩来自疫区，属于我国为防病需要禁止销售的食品，存在很大的食品安全风险。</p><p style="margin-top:23px;">12月8日，乐东市场监督管理局依据《食品安全法》的相关规定，决定对乐东黄流兴孝百货店从重处罚，处货值金额54766元30倍的罚款，即1642980元;吊销乐东黄流兴孝百货店的《食品经营许可证》《营业执照》，乐东黄流兴孝百货店法人代表陈某孝自处罚决定作出之日起五年内不得申请食品生产经营许可，或者从事食品生产经营管理工作、担任食品生产经营企业食品安全管理人员。</p><p style="margin-top:23px;"><strong>为求利益由合伙人多次购进走私冻肉</strong></p><p style="margin-top:23px;"><strong>乐东乐城国民果蔬冻品批发部</strong></p><p style="margin-top:23px;"><strong>被处罚2234520元</strong></p><p style="margin-top:23px;">今年9月13日，乐东市场监督管理局接到海南省市场监餐管理局移送线索材料，材料显示，乐东乐城国民果蔬冻品批发部于2019年1月19日至2019年7月9日购进未经检验检疫的P31猪肚。牛腩、3243鸡爪、2518鸡爪、法国猪脚和202小排等肉类食品共计3005千克。</p><p style="margin-top:23px;">执法人员经对乐东乐城国民果蔬冻品批发部调查了解到，该批发部于2019年1月19日至2019年7月9日购进的P31猪肚。牛腩、3243鸡爪、2518鸡爪共4种肉类食品，为未经检验检疫的肉类食品，其中牛腩来自疫区，属于我国为防控疾病等特殊需要明令禁止生产经营的食品。</p><p style="margin-top:23px;">乐东乐城国民果蔬冻品批发部购进上述未经检验检疫的肉类冷冻食品167件，总重2665千克，货值金额为74484元，其中来自疫区的牛腩35件，总重875千克，货值金额为32406元。该批发部负责人禤某明明知购进食品应查验食品的合格证明文件，明知我国禁止销售包装不合格的冻品，但其未遵守法律规定，由于合伙人马某国多次持续购进未经检验检疫且包装不合格的肉类冷冻食品进行销售，未留存购进凭证。</p><p style="margin-top:23px;">乐东市场监督管理局介绍，乐东乐城国民果蔬冻品批发部的违法行为皆因公安部门侦办供货商而引发，而该批发部的进货凭据保存在供货商处。上述牛腩和P31猪肚无中文标签，容易分辨为包装不合格的产品，禤某明为了追求利益，置广大消费者的健康安全于不顾，由合伙人马某国于2019年1月19日至2019年7月9日间持续多次购进并销售包装不合格的肉类食品，上述肉类食品经查未经检验检疫，其中牛腩来自疫区，足以造成严重食物中毒事故或者其他严重食源性疾病，根据相关法律法规，禤某明的违法行为符合“情节严重”的情形，依法从重处罚。</p><p style="margin-top:23px;">12月8日，乐东市场监管局依据《食品安全法》《个体工商户条例》的相关规定，对乐东乐城国民果蔬冻品批发部予以处违法经营食品货值金额30倍的罚款2234520元；吊销《食品经营许可证》《营业执照》；自处罚决定作出之日起禤某明、马某国五年内不得申请食品生产经营许可，或者从事食品生产经营管理工作、担任食品生产经营企业食品安全管理人员。</p><p style="margin-top:23px;"><strong>一年内持续走私冻肉货值达52万元</strong></p><p style="margin-top:23px;"><strong>乐东乐城亮发冷冻批发店</strong></p><p style="margin-top:23px;"><strong>被处罚1500万余元</strong></p><p style="margin-top:23px;">今年7月16日，根据乐东黎族自治县人民检察院移交的关于乐东乐城亮发冷冻批发店涉嫌经营未经检验检疫的肉类食品的相关线索及材料，乐东市场监督管理局执法人员对乐东乐城亮发冷冻批发店作进一步调查处理。</p><p style="margin-top:23px;">经调查，2018年8月至2019年9月期间，乐东乐城亮发冷冻批发店分别从两个供货商处购进不合格的肉类冷冻食品。2018年8月15日至2018年9月2日间，该批发店从海南鼎友食品有限公司（澄迈鼎友冻库）购进2518小爪（鸡爪）、牛腩、P31猪肚等3种肉类冷冻食品经认定为未经检验检疫肉类食品。共购进2518小爪（鸡爪）27件，共计货值金额为4770元；购进牛腩40件，共计货值金额为30600元；购进P31猪肚（猪肚）9件，共计货值金额为2385元。</p><p style="margin-top:23px;">2019年2月1日至2019年8月24间，乐东乐城亮发冷冻批发店从海南圣盛食品贸易有限公司购进P31肚（猪肚）、阿兰娜（牛腩）。117猪肚、2227小翅（鸡翅）、3773A爪（鸡爪）、3515中节（鸡中翅）、3515B爪（鸡爪）等7种肉类食品经认定为未经检验检疫肉类食品，且阿兰娜（牛胸）来自疫区。</p><p style="margin-top:23px;">该批发店法定代表人文某亮供述上述食品以每件比进货价多出10元的价格进行销售，他称其法律意识淡薄，无法分辨有正规营业执照的经营者疑似存在违法的事实，无法预见到从正规渠道进购的肉制品疑似存在问题，并且他'),
(11, '雇人排队的“网红店”，不能再让其演下去', '2020-12-17 ', '据新闻晨报等报道，今年11月下旬开始，一则名为“奶茶排队群演暖场”的兼职招聘，不断出现在上海的各大兼职群中。“五个领队同时拉人、建群、拍照、管理，持续数天……”', '1608197087955370.jpg', '<p style="">据新闻晨报等报道，今年11月下旬开始，一则名为“奶茶排队群演暖场”的兼职招聘，不断出现在上海的各大兼职群中。“五个领队同时拉人、建群、拍照、管理，持续数天……”有记者实地体验证实，这些群演排队充场的奶茶店，是“茶芝兰”人民广场店。与想像中不同，这家奶茶店排队充场最终收割的目标，可能不是消费者，而是加盟者。</p><p style="margin-top: 23px; text-align: center;"><img src="http://www.canyin88.com/uploads/image/2020/12/17/1608197087955370.jpg" title="雇人排队的“网红店”，不能再让其演下去" alt="雇人排队的“网红店”，不能再让其演下去"></p><p style="margin-top:23px;">网红奶茶店雇人排队，已经不是什么秘密了，其营造生意火爆的假象，一方面是为了吸引不明觉厉的消费者上钩，激发他们的从众心理;另一方面，则是给加盟者看，用虚假的火爆引诱加盟者上钩，进而牟取暴利。媒体曝光的上海网红奶茶店雇人排队制造假象，就属于后者。</p><p style="margin-top:23px;">在市场环境下，正常的包装炒作可以有，但包装炒作绝不等于虚假欺骗。这种针对加盟者的忽悠，可能让对方付出几十万元的代价。</p><p style="margin-top:23px;">据了解，雇人排队给加盟者看的这家奶茶店，实际上生意相对惨淡，营业数据也是造假的。门店的菜单琳琅满目，但许多茶饮处于无法制作的状态。如果加盟者有意向去实体店探访了解情况，则会被拒绝。若要加盟，则须花费25万元。如此，怎么看也不像是脚踏实地做生意的。</p><p style="margin-top:23px;">将种种迹象联系在一起，真相就浮出水面了。线下开店，雇人排队，这一系列动作形成黑色的利益圈套，对加盟者进行精准围猎。</p><p style="margin-top:23px;">问题来了，如此虚假炒作，到底算不算商业欺诈?我国法律对诈骗行为的定义是，以非法占有为目的,使用虚构事实或者隐瞒真相的方法,骗取数额较大的公私财物的行为。从这个定义来看，此事确有诈骗之实，至于能不能构成诈骗罪，需要司法部门调查并定性。</p><p style="margin-top:23px;">在正常的市场环境中，这样的欺骗不应该被容忍。如果任由这种行为进行下去，每一个市场个体对其司空见惯，就会形成一种可怕的惯性思维，久而久之，会渗透到经济生活的方方面面，刺痛的便是全社会的利益。</p><p style="margin-top:23px;">网红奶茶店雇人排队忽悠加盟者的戏该停了，相关执法部门该及时出手。不仅要调查惩戒个例，更要整顿其背后的行业歪风邪气。只有不断提高欺骗成本，才会对忽悠者真正产生震慑作用，才能帮助商业良性运转。</p><p style="margin-top: 23px;">良好的商业信誉和商业氛围，是商业活动的基石。每一个商家都应该铭记“勿以恶小而为之”的古训，对“信誉”二字要有根本尊重，体现在商业活动的每一个细节之中。做生意还是要以诚信为本，坑蒙拐骗、蝇营狗苟，注定会被钉在时代的耻辱柱上。</p>');

-- --------------------------------------------------------

--
-- 表的结构 `hotel_resgiter`
--

CREATE TABLE `hotel_resgiter` (
  `id` mediumint(8) UNSIGNED NOT NULL COMMENT '用户ID,主键且自增',
  `username` varchar(30) NOT NULL COMMENT '用户名,唯一约束',
  `password` varchar(32) NOT NULL COMMENT '登录密码,MD5',
  `phone` varchar(20) NOT NULL COMMENT '电话',
  `email` varchar(32) NOT NULL COMMENT '邮箱',
  `avatar` varchar(50) DEFAULT NULL COMMENT '用户头像'
) ENGINE=InnoDB DEFAULT CHARSET=utf8;

--
-- 转存表中的数据 `hotel_resgiter`
--

INSERT INTO `hotel_resgiter` (`id`, `username`, `password`, `phone`, `email`, `avatar`) VALUES
(1, 'jojo', '25d55ad283aa400af464c76d713c07ad', '18289579056', '1808647678@qq.com', '1.jpg'),
(2, '符小群', '25d55ad283aa400af464c76d713c07ad', '17835758896', '1808647678@163.com', '2.jpg'),
(4, 'jojominho', '1bbd886460827015e5d605ed44252251', '17835758896', '58@qq.com', NULL);

-- --------------------------------------------------------

--
-- 表的结构 `hotel_storefront`
--

CREATE TABLE `hotel_storefront` (
  `id` int(10) UNSIGNED NOT NULL COMMENT '店面id，主键且自增',
  `subject` varchar(50) NOT NULL COMMENT '店面名称',
  `image` varchar(50) NOT NULL COMMENT '店面图片',
  `characteristic` varchar(100) NOT NULL COMMENT '特色菜品',
  `business` varchar(50) NOT NULL COMMENT '营业时间',
  `parking` varchar(50) NOT NULL COMMENT '停车泊位',
  `address` varchar(50) NOT NULL COMMENT '餐厅地址',
  `label` varchar(255) NOT NULL COMMENT '餐厅标签',
  `category_id` int(10) UNSIGNED NOT NULL COMMENT '外键,店面分类'
) ENGINE=InnoDB DEFAULT CHARSET=utf8;

--
-- 转存表中的数据 `hotel_storefront`
--

INSERT INTO `hotel_storefront` (`id`, `subject`, `image`, `characteristic`, `business`, `parking`, `address`, `label`, `category_id`) VALUES
(1, '北京朝阳店', 'shop-pic7.jpg', '波尔多酒鹅肝批、罐焖牛肉、勃艮第少司焗蜗牛、奶油蘑菇汤、牛扒、羊排、鹅肝酱、龙虾', '11:00-22:00 人均消费： 300元左右 包间数量： 3', '有停车位 支付方式： 现金、刷卡', '北京市朝阳区朝阳门西大街二号(朝阳门饭店2层)', '法国菜,有包间,有车位,可刷卡,崇文区,地铁1号线,地铁2号线,地铁5号线,崇文门外大街,前门总医院,天坛,祈年殿,龙潭湖公园,北京体育馆,中央戏剧学院,崇文区儿童医院,新世界商场,北京站,新闻大厦,北京饭店,北京市政府,东交民巷,天安门,朋友聚会,家人就餐,谈情约会', 1),
(2, '上海浦东店', 'shop-pic7.jpg', '波尔多酒鹅肝批、罐焖牛肉、勃艮第少司焗蜗牛、奶油蘑菇汤、牛扒、羊排、鹅肝酱、龙虾', '11:00-22:00 人均消费： 300元左右 包间数量： 3', '有停车位 支付方式： 现金、刷卡', '上海', '法国菜,有包间,有车位,可刷卡,崇文区,地铁1号线,地铁2号线,地铁5号线,崇文门外大街,前门总医院,天坛,祈年殿,龙潭湖公园,北京体育馆,中央戏剧学院,崇文区儿童医院,新世界商场,北京站,新闻大厦,北京饭店,北京市政府,东交民巷,天安门,朋友聚会,家人就餐,谈情约会', 2),
(3, '厦门福建店', 'shop-pic7.jpg', '波尔多酒鹅肝批、罐焖牛肉、勃艮第少司焗蜗牛、奶油蘑菇汤、牛扒、羊排、鹅肝酱、龙虾', '11:00-22:00 人均消费： 300元左右 包间数量： 3', '有停车位 支付方式： 现金、刷卡', '厦门福建', '法国菜,有包间,有车位,可刷卡,崇文区,地铁1号线,地铁2号线,地铁5号线,崇文门外大街,前门总医院,天坛,祈年殿,龙潭湖公园,北京体育馆,中央戏剧学院,崇文区儿童医院,新世界商场,北京站,新闻大厦,北京饭店,北京市政府,东交民巷,天安门,朋友聚会,家人就餐,谈情约会', 3),
(4, '广州白云店', 'shop-pic7.jpg', '波尔多酒鹅肝批、罐焖牛肉、勃艮第少司焗蜗牛、奶油蘑菇汤、牛扒、羊排、鹅肝酱、龙虾', '11:00-22:00 人均消费： 300元左右 包间数量： 3', '有停车位 支付方式： 现金、刷卡', '广州白云', '法国菜,有包间,有车位,可刷卡,崇文区,地铁1号线,地铁2号线,地铁5号线,崇文门外大街,前门总医院,天坛,祈年殿,龙潭湖公园,北京体育馆,中央戏剧学院,崇文区儿童医院,新世界商场,北京站,新闻大厦,北京饭店,北京市政府,东交民巷,天安门,朋友聚会,家人就餐,谈情约会', 4),
(5, '深圳宝安店', 'shop-pic7.jpg', '波尔多酒鹅肝批、罐焖牛肉、勃艮第少司焗蜗牛、奶油蘑菇汤、牛扒、羊排、鹅肝酱、龙虾', '11:00-22:00 人均消费： 300元左右 包间数量： 3', '有停车位 支付方式： 现金、刷卡', '深圳宝安', '法国菜,有包间,有车位,可刷卡,崇文区,地铁1号线,地铁2号线,地铁5号线,崇文门外大街,前门总医院,天坛,祈年殿,龙潭湖公园,北京体育馆,中央戏剧学院,崇文区儿童医院,新世界商场,北京站,新闻大厦,北京饭店,北京市政府,东交民巷,天安门,朋友聚会,家人就餐,谈情约会', 5);

-- --------------------------------------------------------

--
-- 表的结构 `hotel_type`
--

CREATE TABLE `hotel_type` (
  `id` smallint(5) UNSIGNED NOT NULL COMMENT '类型ID,主键且自增',
  `type_name` varchar(30) NOT NULL COMMENT '店铺类型名称,唯一'
) ENGINE=InnoDB DEFAULT CHARSET=utf8;

--
-- 转存表中的数据 `hotel_type`
--

INSERT INTO `hotel_type` (`id`, `type_name`) VALUES
(2, '上海店'),
(1, '北京店'),
(3, '厦门店'),
(4, '广州店'),
(5, '深圳店');

--
-- Indexes for dumped tables
--

--
-- Indexes for table `hotel_about`
--
ALTER TABLE `hotel_about`
  ADD PRIMARY KEY (`id`);

--
-- Indexes for table `hotel_category`
--
ALTER TABLE `hotel_category`
  ADD PRIMARY KEY (`id`),
  ADD UNIQUE KEY `category_name` (`category_name`);

--
-- Indexes for table `hotel_commodity`
--
ALTER TABLE `hotel_commodity`
  ADD PRIMARY KEY (`id`);

--
-- Indexes for table `hotel_news`
--
ALTER TABLE `hotel_news`
  ADD PRIMARY KEY (`id`);

--
-- Indexes for table `hotel_resgiter`
--
ALTER TABLE `hotel_resgiter`
  ADD PRIMARY KEY (`id`),
  ADD UNIQUE KEY `username` (`username`);

--
-- Indexes for table `hotel_storefront`
--
ALTER TABLE `hotel_storefront`
  ADD PRIMARY KEY (`id`);

--
-- Indexes for table `hotel_type`
--
ALTER TABLE `hotel_type`
  ADD PRIMARY KEY (`id`),
  ADD UNIQUE KEY `type_name` (`type_name`);

--
-- 在导出的表使用AUTO_INCREMENT
--

--
-- 使用表AUTO_INCREMENT `hotel_about`
--
ALTER TABLE `hotel_about`
  MODIFY `id` mediumint(8) UNSIGNED NOT NULL AUTO_INCREMENT COMMENT '关于我们ID,主键且自增', AUTO_INCREMENT=6;
--
-- 使用表AUTO_INCREMENT `hotel_category`
--
ALTER TABLE `hotel_category`
  MODIFY `id` smallint(5) UNSIGNED NOT NULL AUTO_INCREMENT COMMENT '类型ID,主键且自增', AUTO_INCREMENT=6;
--
-- 使用表AUTO_INCREMENT `hotel_commodity`
--
ALTER TABLE `hotel_commodity`
  MODIFY `id` int(10) UNSIGNED NOT NULL AUTO_INCREMENT COMMENT '商品ID,主键且自增', AUTO_INCREMENT=51;
--
-- 使用表AUTO_INCREMENT `hotel_news`
--
ALTER TABLE `hotel_news`
  MODIFY `id` mediumint(8) UNSIGNED NOT NULL AUTO_INCREMENT COMMENT '新闻Id且主键自增', AUTO_INCREMENT=12;
--
-- 使用表AUTO_INCREMENT `hotel_resgiter`
--
ALTER TABLE `hotel_resgiter`
  MODIFY `id` mediumint(8) UNSIGNED NOT NULL AUTO_INCREMENT COMMENT '用户ID,主键且自增', AUTO_INCREMENT=5;
--
-- 使用表AUTO_INCREMENT `hotel_storefront`
--
ALTER TABLE `hotel_storefront`
  MODIFY `id` int(10) UNSIGNED NOT NULL AUTO_INCREMENT COMMENT '店面id，主键且自增', AUTO_INCREMENT=6;
--
-- 使用表AUTO_INCREMENT `hotel_type`
--
ALTER TABLE `hotel_type`
  MODIFY `id` smallint(5) UNSIGNED NOT NULL AUTO_INCREMENT COMMENT '类型ID,主键且自增', AUTO_INCREMENT=6;
/*!40101 SET CHARACTER_SET_CLIENT=@OLD_CHARACTER_SET_CLIENT */;
/*!40101 SET CHARACTER_SET_RESULTS=@OLD_CHARACTER_SET_RESULTS */;
/*!40101 SET COLLATION_CONNECTION=@OLD_COLLATION_CONNECTION */;
